User ID,Gender,Age,AnnualSalary,Purchased,Age_Bin,AnnualSalary_Bin,Age_Bin_Encoded,AnnualSalary_Bin_Encoded,Cluster,Cluster_PCA
0.3843843843843844,1,0.37777777777777777,0.03636363636363636,0.0,Middle-aged,Low Income,1,1,1,6
0.6806806806806807,1,0.48888888888888893,0.20727272727272728,0.0,Senior,Low Income,2,1,2,6
0.35235235235235235,1,0.688888888888889,0.42909090909090913,0.0,Elderly,Medium-Low Income,0,3,0,7
0.8948948948948949,1,0.48888888888888893,0.6727272727272726,1.0,Senior,Medium-High Income,2,2,2,6
0.6606606606606606,1,0.15555555555555556,0.4654545454545454,0.0,Young,Medium-Low Income,3,3,0,3
0.8458458458458459,0,0.6444444444444445,0.13454545454545452,1.0,Senior,Low Income,2,1,2,6
0.2182182182182182,0,0.6222222222222223,0.8545454545454545,1.0,Senior,High Income,2,0,2,1
0.5875875875875876,1,0.5333333333333333,0.3563636363636364,0.0,Senior,Medium-Low Income,2,3,0,5
0.08408408408408408,0,0.2666666666666667,0.5054545454545454,0.0,Young,Medium-High Income,3,2,2,4
0.4644644644644645,1,0.5111111111111111,0.2690909090909091,0.0,Senior,Medium-Low Income,2,3,0,5
0.6856856856856857,1,0.5333333333333333,0.4727272727272727,0.0,Senior,Medium-Low Income,2,3,0,5
0.40740740740740744,1,0.6444444444444445,0.05818181818181818,1.0,Senior,Low Income,2,1,2,6
0.7897897897897898,0,0.3111111111111111,0.41818181818181815,0.0,Middle-aged,Medium-Low Income,1,3,0,0
0.1151151151151151,0,0.19999999999999996,0.3054545454545454,0.0,Young,Medium-Low Income,3,3,0,3
0.11711711711711711,0,0.5333333333333333,0.6763636363636363,1.0,Senior,Medium-High Income,2,2,2,6
0.05305305305305306,0,0.33333333333333337,0.9745454545454544,1.0,Middle-aged,High Income,1,0,1,1
0.08908908908908908,1,0.37777777777777777,0.43636363636363634,0.0,Middle-aged,Medium-Low Income,1,3,0,0
0.3713713713713714,1,0.37777777777777777,0.27636363636363637,0.0,Middle-aged,Medium-Low Income,1,3,0,0
0.9259259259259259,1,0.6222222222222223,0.4654545454545454,1.0,Senior,Medium-Low Income,2,3,0,5
0.09309309309309309,0,0.4666666666666667,0.8654545454545454,1.0,Middle-aged,High Income,1,0,1,1
0.33733733733733734,0,0.4666666666666667,0.26545454545454544,0.0,Middle-aged,Medium-Low Income,1,3,0,0
0.13313313313313313,0,0.688888888888889,0.17454545454545456,1.0,Elderly,Low Income,0,1,1,2
0.8208208208208209,1,0.7999999999999999,0.07636363636363637,1.0,Elderly,Low Income,0,1,1,2
0.2932932932932933,0,0.5111111111111111,0.3381818181818182,0.0,Senior,Medium-Low Income,2,3,0,5
0.5965965965965966,0,0.28888888888888886,0.7454545454545454,0.0,Young,Medium-High Income,3,2,2,4
0.5665665665665666,1,0.1333333333333333,0.31272727272727274,0.0,Young,Medium-Low Income,3,3,0,3
0.01901901901901902,1,0.48888888888888893,0.669090909090909,1.0,Senior,Medium-High Income,2,2,2,6
0.10710710710710711,1,0.48888888888888893,0.6,1.0,Senior,Medium-High Income,2,2,2,6
0.1041041041041041,0,0.6666666666666666,0.10181818181818182,1.0,Elderly,Low Income,0,1,1,2
0.993993993993994,0,0.4444444444444444,0.9636363636363636,1.0,Middle-aged,High Income,1,0,1,1
0.2722722722722723,1,0.6,0.08,1.0,Senior,Low Income,2,1,2,6
0.2622622622622623,1,0.3111111111111111,0.38181818181818183,0.0,Middle-aged,Medium-Low Income,1,3,0,0
0.42242242242242245,0,0.4222222222222223,0.3418181818181818,0.0,Middle-aged,Medium-Low Income,1,3,0,0
0.08708708708708708,1,0.5111111111111111,0.46909090909090906,0.0,Senior,Medium-Low Income,2,3,0,5
0.08008008008008008,0,0.5777777777777778,0.7163636363636363,1.0,Senior,Medium-High Income,2,2,2,6
0.25625625625625625,0,0.6444444444444445,0.19272727272727275,0.0,Senior,Low Income,2,1,2,6
0.7547547547547547,0,0.4444444444444444,0.2909090909090909,0.0,Middle-aged,Medium-Low Income,1,3,0,0
0.24824824824824823,0,0.4666666666666667,0.7236363636363635,1.0,Middle-aged,Medium-High Income,1,2,1,6
0.12012012012012012,1,0.5333333333333333,0.4218181818181818,1.0,Senior,Medium-Low Income,2,3,0,5
0.4884884884884885,1,0.1777777777777778,0.0,0.0,Young,Low Income,3,1,2,4
0.5545545545545546,0,0.06666666666666665,0.16363636363636364,0.0,Young,Low Income,3,1,2,4
0.2212212212212212,0,0.9111111111111111,0.17818181818181816,1.0,Elderly,Low Income,0,1,1,2
0.5895895895895896,0,0.4666666666666667,0.3745454545454545,0.0,Middle-aged,Medium-Low Income,1,3,0,0
0.6446446446446447,0,0.5555555555555556,0.4763636363636364,0.0,Senior,Medium-Low Income,2,3,0,5
0.6886886886886887,1,0.688888888888889,0.5163636363636362,1.0,Elderly,Medium-High Income,0,2,1,7
0.6456456456456456,1,0.4222222222222223,0.43636363636363634,0.0,Middle-aged,Medium-Low Income,1,3,0,0
0.963963963963964,0,0.688888888888889,0.4472727272727272,0.0,Elderly,Medium-Low Income,0,3,0,7
0.3833833833833834,1,0.2222222222222222,0.7854545454545454,1.0,Young,High Income,3,0,2,1
0.8258258258258259,0,0.9111111111111111,0.24363636363636365,1.0,Elderly,Low Income,0,1,1,2
0.02602602602602603,0,0.48888888888888893,0.33090909090909093,0.0,Senior,Medium-Low Income,2,3,0,5
0.2672672672672673,0,0.4444444444444444,0.6145454545454545,1.0,Middle-aged,Medium-High Income,1,2,1,6
0.46546546546546547,1,0.7333333333333333,0.1490909090909091,1.0,Elderly,Low Income,0,1,1,2
0.41041041041041043,0,0.8222222222222223,0.8363636363636363,1.0,Elderly,High Income,0,0,1,8
0.4444444444444445,0,0.11111111111111116,0.3018181818181818,0.0,Young,Medium-Low Income,3,3,0,3
0.42742742742742745,0,0.688888888888889,0.20727272727272728,1.0,Elderly,Low Income,0,1,1,2
0.973973973973974,0,0.688888888888889,0.1527272727272727,1.0,Elderly,Low Income,0,1,1,2
0.8278278278278278,1,0.6666666666666666,0.04727272727272726,1.0,Elderly,Low Income,0,1,1,2
0.34734734734734735,0,0.688888888888889,0.6072727272727272,0.0,Elderly,Medium-High Income,0,2,1,7
0.7297297297297297,1,0.5555555555555556,0.3236363636363636,0.0,Senior,Medium-Low Income,2,3,0,5
0.8198198198198199,0,0.37777777777777777,0.96,1.0,Middle-aged,High Income,1,0,1,1
0.9169169169169169,0,0.7111111111111111,0.6872727272727271,1.0,Elderly,Medium-High Income,0,2,1,7
0.014014014014014014,1,0.6666666666666666,0.08363636363636363,1.0,Elderly,Low Income,0,1,1,2
0.36436436436436437,1,0.688888888888889,0.5309090909090909,1.0,Elderly,Medium-High Income,0,2,1,7
0.6736736736736737,0,0.4444444444444444,0.41818181818181815,0.0,Middle-aged,Medium-Low Income,1,3,0,0
0.029029029029029027,1,0.19999999999999996,0.31272727272727274,0.0,Young,Medium-Low Income,3,3,0,3
0.5305305305305306,1,0.37777777777777777,0.05090909090909092,0.0,Middle-aged,Low Income,1,1,1,6
0.18918918918918917,0,0.37777777777777777,0.4072727272727273,0.0,Middle-aged,Medium-Low Income,1,3,0,0
0.15915915915915915,1,0.5555555555555556,0.829090909090909,1.0,Senior,High Income,2,0,2,1
0.3703703703703704,1,0.5111111111111111,0.2181818181818182,0.0,Senior,Low Income,2,1,2,6
0.3203203203203203,1,0.4666666666666667,0.19636363636363635,0.0,Middle-aged,Low Income,1,1,1,6
0.22922922922922923,0,0.6,0.18545454545454548,0.0,Senior,Low Income,2,1,2,6
0.8188188188188188,0,0.7333333333333333,0.16363636363636364,1.0,Elderly,Low Income,0,1,1,2
0.964964964964965,1,0.04444444444444445,0.5199999999999999,0.0,Young,Medium-High Income,3,2,2,4
0.3503503503503504,0,0.5111111111111111,0.34909090909090906,0.0,Senior,Medium-Low Income,2,3,0,5
0.2652652652652653,1,0.888888888888889,0.19272727272727275,1.0,Elderly,Low Income,0,1,1,2
0.6286286286286287,0,0.7111111111111111,0.7309090909090908,1.0,Elderly,Medium-High Income,0,2,1,7
0.8908908908908909,0,0.2222222222222222,0.29454545454545455,0.0,Young,Medium-Low Income,3,3,0,3
0.3103103103103103,1,0.3555555555555555,0.12727272727272726,0.0,Middle-aged,Low Income,1,1,1,6
0.43843843843843844,0,0.8666666666666666,0.6654545454545454,1.0,Elderly,Medium-High Income,0,2,1,7
0.8608608608608609,0,0.7111111111111111,0.27999999999999997,1.0,Elderly,Medium-Low Income,0,3,0,7
0.5095095095095096,1,0.688888888888889,0.09454545454545453,1.0,Elderly,Low Income,0,1,1,2
0.2762762762762763,1,0.7777777777777778,0.9927272727272727,1.0,Elderly,High Income,0,0,1,8
0.4164164164164164,1,0.5333333333333333,0.5345454545454544,1.0,Senior,Medium-High Income,2,2,2,6
0.12212212212212212,0,0.19999999999999996,0.014545454545454542,0.0,Young,Low Income,3,1,2,4
0.9119119119119119,0,0.9111111111111111,0.44363636363636366,1.0,Elderly,Medium-Low Income,0,3,0,7
0.6666666666666666,0,0.7333333333333333,0.8836363636363636,1.0,Elderly,High Income,0,0,1,8
0.43443443443443447,0,0.688888888888889,0.7672727272727272,1.0,Elderly,High Income,0,0,1,8
0.7217217217217218,0,0.3111111111111111,0.1490909090909091,0.0,Middle-aged,Low Income,1,1,1,6
0.8918918918918919,1,0.2666666666666667,0.21454545454545454,0.0,Young,Low Income,3,1,2,4
0.2782782782782783,0,0.19999999999999996,0.025454545454545466,0.0,Young,Low Income,3,1,2,4
0.49949949949949957,0,0.4,0.2545454545454545,0.0,Middle-aged,Medium-Low Income,1,3,0,0
0.6836836836836837,1,0.9333333333333335,0.9418181818181817,1.0,Elderly,High Income,0,0,1,8
0.4134134134134134,1,0.4444444444444444,0.26181818181818184,0.0,Middle-aged,Medium-Low Income,1,3,0,0
0.3483483483483484,0,0.24444444444444446,0.1709090909090909,0.0,Young,Low Income,3,1,2,4
0.45545545545545546,0,0.9555555555555556,0.6436363636363636,1.0,Elderly,Medium-High Income,0,2,1,7
0.4844844844844845,0,0.33333333333333337,0.9927272727272727,1.0,Middle-aged,High Income,1,0,1,1
0.95995995995996,1,0.6,0.44,1.0,Senior,Medium-Low Income,2,3,0,5
0.23223223223223222,0,0.1777777777777778,0.014545454545454542,0.0,Young,Low Income,3,1,2,4
0.19019019019019018,1,0.2666666666666667,0.5236363636363636,0.0,Young,Medium-High Income,3,2,2,4
0.47047047047047047,1,0.4444444444444444,0.33090909090909093,0.0,Middle-aged,Medium-Low Income,1,3,0,0
0.9769769769769769,0,0.2222222222222222,0.5018181818181817,0.0,Young,Medium-High Income,3,2,2,4
0.11911911911911911,0,0.7111111111111111,0.5309090909090909,1.0,Elderly,Medium-High Income,0,2,1,7
0.1251251251251251,1,0.1777777777777778,0.4727272727272727,0.0,Young,Medium-Low Income,3,3,0,3
0.022022022022022025,1,0.4666666666666667,0.19636363636363635,0.0,Middle-aged,Low Income,1,1,1,6
0.22422422422422422,1,0.1777777777777778,0.007272727272727278,0.0,Young,Low Income,3,1,2,4
0.7717717717717718,0,0.7333333333333333,0.04727272727272726,1.0,Elderly,Low Income,0,1,1,2
0.39739739739739743,1,0.4,0.3018181818181818,0.0,Middle-aged,Medium-Low Income,1,3,0,0
0.3663663663663664,1,0.6444444444444445,0.10545454545454545,1.0,Senior,Low Income,2,1,2,6
0.5105105105105106,0,0.0,0.21090909090909093,0.0,Young,Low Income,3,1,2,4
0.7747747747747747,1,0.5555555555555556,0.6872727272727271,1.0,Senior,Medium-High Income,2,2,2,6
0.32332332332332336,1,0.9555555555555556,0.20727272727272728,1.0,Elderly,Low Income,0,1,1,2
0.8288288288288288,0,0.5111111111111111,0.10909090909090909,0.0,Senior,Low Income,2,1,2,6
0.4774774774774775,1,0.28888888888888886,0.31272727272727274,0.0,Young,Medium-Low Income,3,3,0,3
0.5455455455455456,0,0.24444444444444446,0.49454545454545457,0.0,Young,Medium-Low Income,3,3,0,3
0.9419419419419419,0,0.6666666666666666,0.6799999999999999,1.0,Elderly,Medium-High Income,0,2,1,7
0.5705705705705706,0,0.4444444444444444,0.7054545454545453,0.0,Middle-aged,Medium-High Income,1,2,0,6
0.3743743743743744,1,0.9111111111111111,0.9309090909090909,1.0,Elderly,High Income,0,0,1,8
0.9049049049049049,0,0.33333333333333337,0.8836363636363636,1.0,Middle-aged,High Income,1,0,1,1
0.13113113113113112,1,0.37777777777777777,0.33454545454545453,0.0,Middle-aged,Medium-Low Income,1,3,0,0
0.43743743743743746,1,0.2222222222222222,0.32,0.0,Young,Medium-Low Income,3,3,0,3
0.9719719719719719,1,0.2666666666666667,0.669090909090909,1.0,Young,Medium-High Income,3,2,2,4
0.5955955955955956,1,0.4,0.6109090909090908,1.0,Middle-aged,Medium-High Income,1,2,1,6
0.3943943943943944,1,0.48888888888888893,0.41818181818181815,0.0,Senior,Medium-Low Income,2,3,0,5
0.6626626626626627,0,0.33333333333333337,0.1890909090909091,0.0,Middle-aged,Low Income,1,1,1,6
0.9029029029029029,1,0.4,0.061818181818181814,0.0,Middle-aged,Low Income,1,1,1,6
0.024024024024024024,1,0.688888888888889,0.14181818181818184,1.0,Elderly,Low Income,0,1,1,2
0.5985985985985987,0,0.48888888888888893,0.4145454545454545,0.0,Senior,Medium-Low Income,2,3,0,5
0.5625625625625625,0,0.04444444444444445,0.05818181818181818,0.0,Young,Low Income,3,1,2,4
0.6066066066066066,0,0.4222222222222223,0.8872727272727272,1.0,Middle-aged,High Income,1,0,1,1
0.9279279279279279,0,0.6444444444444445,0.938181818181818,1.0,Senior,High Income,2,0,2,1
0.45245245245245247,0,0.4,0.06909090909090908,0.0,Middle-aged,Low Income,1,1,1,6
0.5085085085085085,1,0.48888888888888893,0.4472727272727272,0.0,Senior,Medium-Low Income,2,3,0,5
0.2022022022022022,0,0.9111111111111111,0.5309090909090909,1.0,Elderly,Medium-High Income,0,2,1,7
0.4494494494494495,0,0.4,0.43636363636363634,0.0,Middle-aged,Medium-Low Income,1,3,0,0
0.5725725725725725,1,0.5333333333333333,0.21454545454545454,0.0,Senior,Low Income,2,1,2,6
0.6616616616616616,1,0.19999999999999996,0.5381818181818181,0.0,Young,Medium-High Income,3,2,2,4
0.6506506506506506,1,0.3111111111111111,0.45454545454545453,0.0,Middle-aged,Medium-Low Income,1,3,0,0
0.01801801801801802,0,0.6666666666666666,0.11999999999999998,1.0,Elderly,Low Income,0,1,1,2
0.6336336336336337,0,0.4444444444444444,0.4836363636363636,0.0,Middle-aged,Medium-Low Income,1,3,0,0
0.6466466466466466,1,0.9777777777777777,0.949090909090909,1.0,Elderly,High Income,0,0,1,8
0.6926926926926927,1,0.4444444444444444,0.46181818181818185,0.0,Middle-aged,Medium-Low Income,1,3,0,0
0.7277277277277278,1,0.48888888888888893,0.43636363636363634,0.0,Senior,Medium-Low Income,2,3,0,5
0.5195195195195196,1,0.8666666666666666,0.41818181818181815,1.0,Elderly,Medium-Low Income,0,3,0,7
0.2122122122122122,0,0.5111111111111111,0.7236363636363635,0.0,Senior,Medium-High Income,2,2,0,6
0.14114114114114112,1,0.0888888888888889,0.5418181818181818,0.0,Young,Medium-High Income,3,2,2,4
0.32132132132132135,0,0.48888888888888893,0.4327272727272727,0.0,Senior,Medium-Low Income,2,3,0,5
0.5395395395395396,0,0.4666666666666667,0.3018181818181818,0.0,Middle-aged,Medium-Low Income,1,3,0,0
0.7427427427427428,0,0.4666666666666667,0.4218181818181818,0.0,Middle-aged,Medium-Low Income,1,3,0,0
0.8868868868868869,0,0.5111111111111111,0.4072727272727273,0.0,Senior,Medium-Low Income,2,3,0,5
0.24024024024024024,1,0.2222222222222222,0.12363636363636364,0.0,Young,Low Income,3,1,2,4
0.7007007007007007,1,0.4666666666666667,0.34545454545454546,0.0,Middle-aged,Medium-Low Income,1,3,0,0
0.8478478478478478,1,0.15555555555555556,0.13090909090909092,0.0,Young,Low Income,3,1,2,4
0.7817817817817818,1,0.5555555555555556,0.4836363636363636,0.0,Senior,Medium-Low Income,2,3,0,5
0.8768768768768769,1,0.6666666666666666,0.42909090909090913,1.0,Elderly,Medium-Low Income,0,3,0,7
0.923923923923924,1,0.4222222222222223,0.4654545454545454,1.0,Middle-aged,Medium-Low Income,1,3,0,0
0.08208208208208208,1,0.4,0.938181818181818,1.0,Middle-aged,High Income,1,0,1,1
0.3683683683683684,0,0.3111111111111111,0.01090909090909091,0.0,Middle-aged,Low Income,1,1,1,6
0.5785785785785786,0,0.7333333333333333,0.7745454545454544,1.0,Elderly,High Income,0,0,1,8
0.5825825825825826,1,0.2666666666666667,0.5381818181818181,0.0,Young,Medium-High Income,3,2,2,4
0.918918918918919,1,0.4,0.17818181818181816,0.0,Middle-aged,Low Income,1,1,1,6
0.9569569569569569,1,0.2666666666666667,0.8727272727272727,1.0,Young,High Income,3,0,2,1
0.972972972972973,0,1.0,0.6945454545454545,1.0,,Medium-High Income,4,2,2,4
0.5205205205205206,1,0.6666666666666666,0.5454545454545454,1.0,Elderly,Medium-High Income,0,2,1,7
0.04004004004004004,0,0.4,0.46181818181818185,0.0,Middle-aged,Medium-Low Income,1,3,0,0
0.04104104104104104,1,0.28888888888888886,0.8836363636363636,1.0,Young,High Income,3,0,2,1
0.32632632632632635,1,0.888888888888889,0.3381818181818182,1.0,Elderly,Medium-Low Income,0,3,0,7
0.34634634634634637,0,0.0888888888888889,0.2909090909090909,0.0,Young,Medium-Low Income,3,3,0,3
0.14714714714714713,0,0.6222222222222223,0.589090909090909,0.0,Senior,Medium-High Income,2,2,0,6
0.44244244244244246,0,1.0,0.24363636363636365,1.0,,Low Income,4,1,2,4
0.6996996996996997,0,0.33333333333333337,0.09454545454545453,0.0,Middle-aged,Low Income,1,1,1,6
0.7377377377377378,1,0.37777777777777777,0.32,0.0,Middle-aged,Medium-Low Income,1,3,0,0
0.5265265265265265,1,0.5111111111111111,0.5236363636363636,1.0,Senior,Medium-High Income,2,2,2,6
0.7417417417417418,1,0.1777777777777778,0.48000000000000004,0.0,Young,Medium-Low Income,3,3,0,3
0.17417417417417416,0,0.5777777777777778,0.869090909090909,0.0,Senior,High Income,2,0,2,1
0.33433433433433435,1,0.4666666666666667,0.7672727272727272,1.0,Middle-aged,High Income,1,0,1,1
0.995995995995996,1,0.7555555555555556,0.38181818181818183,0.0,Elderly,Medium-Low Income,0,3,0,7
0.3773773773773774,0,0.7777777777777778,0.48727272727272725,1.0,Elderly,Medium-Low Income,0,3,0,7
0.6546546546546547,1,0.5555555555555556,0.4327272727272727,1.0,Senior,Medium-Low Income,2,3,0,5
0.1031031031031031,1,0.7333333333333333,0.05818181818181818,1.0,Elderly,Low Income,0,1,1,2
0.22022022022022023,0,0.8222222222222223,0.7999999999999999,1.0,Elderly,High Income,0,0,1,8
0.7857857857857858,0,0.9333333333333335,0.1490909090909091,1.0,Elderly,Low Income,0,1,1,2
0.5355355355355356,0,0.4444444444444444,0.3236363636363636,0.0,Middle-aged,Medium-Low Income,1,3,0,0
0.4594594594594595,1,0.1333333333333333,0.029090909090909098,0.0,Young,Low Income,3,1,2,4
0.7097097097097097,0,0.8444444444444444,0.6654545454545454,1.0,Elderly,Medium-High Income,0,2,1,7
0.5235235235235235,0,0.8444444444444444,0.15636363636363637,1.0,Elderly,Low Income,0,1,1,2
0.8898898898898899,1,0.4222222222222223,0.39999999999999997,1.0,Middle-aged,Medium-Low Income,1,3,0,0
0.04504504504504505,0,0.9555555555555556,0.6872727272727271,1.0,Elderly,Medium-High Income,0,2,1,7
0.09409409409409408,1,0.5777777777777778,0.4836363636363636,0.0,Senior,Medium-Low Income,2,3,0,5
0.07707707707707707,0,0.6,0.6945454545454545,1.0,Senior,Medium-High Income,2,2,2,6
0.4014014014014014,0,0.8222222222222223,0.18545454545454548,1.0,Elderly,Low Income,0,1,1,2
0.26326326326326327,1,0.7333333333333333,0.9345454545454543,0.0,Elderly,High Income,0,0,1,8
0.03303303303303303,1,0.7111111111111111,0.3745454545454545,0.0,Elderly,Medium-Low Income,0,3,0,7
0.5215215215215215,0,0.1777777777777778,0.749090909090909,0.0,Young,Medium-High Income,3,2,2,4
0.15515515515515516,1,0.0222222222222222,0.029090909090909098,0.0,Young,Low Income,3,1,2,4
0.8498498498498499,1,0.5555555555555556,0.4763636363636364,0.0,Senior,Medium-Low Income,2,3,0,5
0.0980980980980981,1,0.28888888888888886,0.549090909090909,0.0,Young,Medium-High Income,3,2,2,4
0.4614614614614615,1,0.4666666666666667,0.34545454545454546,0.0,Middle-aged,Medium-Low Income,1,3,0,0
0.978978978978979,0,0.7777777777777778,0.22909090909090907,0.0,Elderly,Low Income,0,1,1,2
0.4314314314314315,0,0.5777777777777778,0.36727272727272725,0.0,Senior,Medium-Low Income,2,3,0,5
0.06806806806806806,1,0.6444444444444445,0.07272727272727271,1.0,Senior,Low Income,2,1,2,6
0.942942942942943,0,0.9111111111111111,0.49454545454545457,0.0,Elderly,Medium-Low Income,0,3,0,7
0.3803803803803804,0,0.5333333333333333,0.2727272727272727,0.0,Senior,Medium-Low Income,2,3,0,5
0.957957957957958,1,0.4444444444444444,0.2872727272727273,0.0,Middle-aged,Medium-Low Income,1,3,0,0
0.953953953953954,0,0.5111111111111111,0.4727272727272727,0.0,Senior,Medium-Low Income,2,3,0,5
0.6116116116116116,1,0.37777777777777777,0.5309090909090909,0.0,Middle-aged,Medium-High Income,1,2,0,6
0.26626626626626626,1,0.7555555555555556,0.549090909090909,1.0,Elderly,Medium-High Income,0,2,1,7
0.7847847847847848,0,0.7333333333333333,0.8618181818181817,1.0,Elderly,High Income,0,0,1,8
0.5565565565565566,1,0.04444444444444445,0.24727272727272726,0.0,Young,Low Income,3,1,2,4
0.934934934934935,1,0.6,0.12363636363636364,1.0,Senior,Low Income,2,1,2,6
0.8048048048048049,1,0.9777777777777777,0.8545454545454545,1.0,Elderly,High Income,0,0,1,8
0.5535535535535536,0,0.7999999999999999,0.9418181818181817,1.0,Elderly,High Income,0,0,1,8
0.98998998998999,0,0.688888888888889,0.8545454545454545,1.0,Elderly,High Income,0,0,1,8
0.34434434434434436,0,0.04444444444444445,0.48727272727272725,0.0,Young,Medium-Low Income,3,3,0,3
0.17117117117117117,1,0.5555555555555556,0.3527272727272727,0.0,Senior,Medium-Low Income,2,3,0,5
0.42842842842842843,0,0.19999999999999996,0.01090909090909091,0.0,Young,Low Income,3,1,2,4
0.947947947947948,0,0.11111111111111116,0.36,0.0,Young,Medium-Low Income,3,3,0,3
0.08808808808808809,0,0.888888888888889,0.5818181818181818,1.0,Elderly,Medium-High Income,0,2,1,7
0.13813813813813813,1,0.9555555555555556,0.20727272727272728,1.0,Elderly,Low Income,0,1,1,2
0.33133133133133136,1,0.06666666666666665,0.2581818181818182,0.0,Young,Medium-Low Income,3,3,0,3
0.06906906906906907,0,0.3555555555555555,0.2,0.0,Middle-aged,Low Income,1,1,1,6
0.8678678678678678,0,0.0222222222222222,0.5272727272727272,0.0,Young,Medium-High Income,3,2,2,4
0.7467467467467468,1,0.5333333333333333,0.33090909090909093,0.0,Senior,Medium-Low Income,2,3,0,5
0.5415415415415415,0,0.6444444444444445,0.44,0.0,Senior,Medium-Low Income,2,3,0,5
0.8818818818818819,1,0.04444444444444445,0.45454545454545453,0.0,Young,Medium-Low Income,3,3,0,3
0.7437437437437437,1,0.4,0.4763636363636364,0.0,Middle-aged,Medium-Low Income,1,3,0,0
0.4974974974974975,1,0.48888888888888893,0.46181818181818185,0.0,Senior,Medium-Low Income,2,3,0,5
0.933933933933934,1,0.48888888888888893,0.9563636363636363,1.0,Senior,High Income,2,0,2,1
0.2522522522522523,0,0.8222222222222223,0.6581818181818181,1.0,Elderly,Medium-High Income,0,2,1,7
0.6196196196196196,0,0.48888888888888893,0.36,0.0,Senior,Medium-Low Income,2,3,0,5
0.7777777777777778,0,0.2222222222222222,0.2909090909090909,0.0,Young,Medium-Low Income,3,3,0,3
0.7957957957957958,1,0.4,0.4472727272727272,0.0,Middle-aged,Medium-Low Income,1,3,0,0
0.5315315315315315,0,0.7333333333333333,0.2218181818181818,0.0,Elderly,Low Income,0,1,1,2
0.24124124124124124,1,0.6666666666666666,0.13090909090909092,1.0,Elderly,Low Income,0,1,1,2
0.5035035035035035,0,0.1333333333333333,0.10545454545454545,0.0,Young,Low Income,3,1,2,4
0.5685685685685686,1,0.2666666666666667,0.978181818181818,1.0,Young,High Income,3,0,2,1
1.0,0,0.48888888888888893,0.4472727272727272,1.0,Senior,Medium-Low Income,2,3,0,5
0.4004004004004004,0,0.9777777777777777,0.549090909090909,1.0,Elderly,Medium-High Income,0,2,1,7
0.22822822822822822,1,0.8666666666666666,0.32727272727272727,1.0,Elderly,Medium-Low Income,0,3,0,7
0.09009009009009009,1,0.28888888888888886,0.42909090909090913,0.0,Young,Medium-Low Income,3,3,0,3
0.13413413413413414,0,0.19999999999999996,0.11636363636363635,0.0,Young,Low Income,3,1,2,4
0.9059059059059059,1,0.5333333333333333,0.6472727272727272,1.0,Senior,Medium-High Income,2,2,2,6
0.6046046046046046,1,0.688888888888889,0.549090909090909,1.0,Elderly,Medium-High Income,0,2,1,7
0.6126126126126127,1,0.4,0.5636363636363636,1.0,Middle-aged,Medium-High Income,1,2,1,6
0.19519519519519518,1,0.6,0.3745454545454545,0.0,Senior,Medium-Low Income,2,3,0,5
0.16616616616616617,0,0.28888888888888886,0.13818181818181818,0.0,Young,Low Income,3,1,2,4
0.6976976976976977,1,0.5333333333333333,0.6072727272727272,1.0,Senior,Medium-High Income,2,2,2,6
0.5645645645645646,0,0.3111111111111111,0.549090909090909,0.0,Middle-aged,Medium-High Income,1,2,0,6
0.6686686686686687,1,0.2222222222222222,0.3236363636363636,0.0,Young,Medium-Low Income,3,3,0,3
0.7147147147147147,1,0.4222222222222223,0.3381818181818182,0.0,Middle-aged,Medium-Low Income,1,3,0,0
0.2572572572572573,0,0.888888888888889,0.1672727272727273,1.0,Elderly,Low Income,0,1,1,2
0.6036036036036037,0,0.8666666666666666,0.09818181818181816,1.0,Elderly,Low Income,0,1,1,2
0.5165165165165165,0,0.7333333333333333,0.16363636363636364,1.0,Elderly,Low Income,0,1,1,2
0.2272272272272272,0,0.19999999999999996,0.15636363636363637,0.0,Young,Low Income,3,1,2,4
0.986986986986987,1,0.04444444444444445,0.039999999999999994,0.0,Young,Low Income,3,1,2,4
0.8848848848848849,1,0.7111111111111111,0.15636363636363637,1.0,Elderly,Low Income,0,1,1,2
0.41441441441441446,0,0.06666666666666665,0.4981818181818181,0.0,Young,Medium-Low Income,3,3,0,3
0.3563563563563564,0,0.8666666666666666,0.6945454545454545,1.0,Elderly,Medium-High Income,0,2,1,7
0.25325325325325326,1,0.48888888888888893,0.45454545454545453,0.0,Senior,Medium-Low Income,2,3,0,5
0.23423423423423423,0,0.06666666666666665,0.06909090909090908,0.0,Young,Low Income,3,1,2,4
0.2812812812812813,1,0.2666666666666667,0.21454545454545454,0.0,Young,Low Income,3,1,2,4
0.12712712712712712,1,0.5333333333333333,0.4254545454545455,0.0,Senior,Medium-Low Income,2,3,0,5
0.7027027027027027,0,0.48888888888888893,0.32727272727272727,0.0,Senior,Medium-Low Income,2,3,0,5
0.1301301301301301,1,0.5333333333333333,0.36363636363636365,0.0,Senior,Medium-Low Income,2,3,0,5
0.1181181181181181,1,0.5555555555555556,0.4254545454545455,1.0,Senior,Medium-Low Income,2,3,0,5
0.9209209209209209,0,0.5333333333333333,0.8836363636363636,1.0,Senior,High Income,2,0,2,1
0.8808808808808809,0,0.688888888888889,0.15636363636363637,1.0,Elderly,Low Income,0,1,1,2
0.18118118118118118,1,0.06666666666666665,0.4145454545454545,0.0,Young,Medium-Low Income,3,3,0,3
0.1111111111111111,0,0.888888888888889,0.8181818181818181,1.0,Elderly,High Income,0,0,1,8
0.34134134134134136,0,0.24444444444444446,0.5345454545454544,0.0,Young,Medium-High Income,3,2,2,4
0.3963963963963964,1,0.19999999999999996,0.4836363636363636,0.0,Young,Medium-Low Income,3,3,0,3
0.03403403403403404,0,0.5333333333333333,0.27636363636363637,0.0,Senior,Medium-Low Income,2,3,0,5
0.14414414414414414,0,0.4444444444444444,0.4727272727272727,0.0,Middle-aged,Medium-Low Income,1,3,0,0
0.9409409409409409,0,0.3555555555555555,0.9854545454545454,1.0,Middle-aged,High Income,1,0,1,1
0.7357357357357358,0,0.5333333333333333,0.4654545454545454,0.0,Senior,Medium-Low Income,2,3,0,5
0.06706706706706705,0,0.37777777777777777,0.21454545454545454,0.0,Middle-aged,Low Income,1,1,1,6
0.6406406406406406,1,0.37777777777777777,0.738181818181818,0.0,Middle-aged,Medium-High Income,1,2,0,6
0.6676676676676677,0,0.1777777777777778,0.20363636363636362,0.0,Young,Low Income,3,1,2,4
0.6726726726726727,1,0.4444444444444444,0.4836363636363636,0.0,Middle-aged,Medium-Low Income,1,3,0,0
0.7677677677677678,0,0.5333333333333333,0.4836363636363636,0.0,Senior,Medium-Low Income,2,3,0,5
0.11611611611611611,0,0.4666666666666667,0.43636363636363634,1.0,Middle-aged,Medium-Low Income,1,3,0,0
0.6326326326326327,1,0.6444444444444445,0.20363636363636362,0.0,Senior,Low Income,2,1,2,6
0.41741741741741745,0,0.2222222222222222,0.21090909090909093,0.0,Young,Low Income,3,1,2,4
0.992992992992993,0,0.5777777777777778,0.9018181818181816,1.0,Senior,High Income,2,0,2,1
0.9019019019019019,1,0.888888888888889,0.44,1.0,Elderly,Medium-Low Income,0,3,0,7
0.3303303303303303,0,0.3111111111111111,0.7599999999999999,1.0,Middle-aged,High Income,1,0,1,1
0.9179179179179179,0,0.3555555555555555,0.10545454545454545,0.0,Middle-aged,Low Income,1,1,1,6
0.6216216216216216,0,0.6,0.8436363636363635,1.0,Senior,High Income,2,0,2,1
0.08508508508508508,1,0.28888888888888886,0.5345454545454544,0.0,Young,Medium-High Income,3,2,2,4
0.3913913913913914,1,0.688888888888889,0.5381818181818181,1.0,Elderly,Medium-High Income,0,2,1,7
0.16116116116116116,1,0.6,0.3018181818181818,0.0,Senior,Medium-Low Income,2,3,0,5
0.977977977977978,1,0.1777777777777778,0.4836363636363636,0.0,Young,Medium-Low Income,3,3,0,3
0.6236236236236237,1,0.8666666666666666,0.3381818181818182,1.0,Elderly,Medium-Low Income,0,3,0,7
0.6396396396396397,1,0.8444444444444444,0.858181818181818,1.0,Elderly,High Income,0,0,1,8
0.025025025025025023,0,0.6444444444444445,0.23272727272727273,0.0,Senior,Low Income,2,1,2,6
0.7407407407407408,0,0.5555555555555556,0.2872727272727273,0.0,Senior,Medium-Low Income,2,3,0,5
0.7037037037037037,1,0.3555555555555555,0.21454545454545454,0.0,Middle-aged,Low Income,1,1,1,6
0.1981981981981982,0,0.04444444444444445,0.0909090909090909,0.0,Young,Low Income,3,1,2,4
0.12912912912912913,0,0.4444444444444444,0.978181818181818,1.0,Middle-aged,High Income,1,0,1,1
0.17817817817817816,1,0.7111111111111111,0.10545454545454545,1.0,Elderly,Low Income,0,1,1,2
0.4264264264264264,0,0.688888888888889,0.9163636363636363,1.0,Elderly,High Income,0,0,1,8
0.2742742742742743,1,0.688888888888889,0.4836363636363636,1.0,Elderly,Medium-Low Income,0,3,0,7
0.32932932932932935,0,0.37777777777777777,0.45090909090909087,0.0,Middle-aged,Medium-Low Income,1,3,0,0
0.8128128128128128,0,0.2222222222222222,0.12727272727272726,0.0,Young,Low Income,3,1,2,4
0.3893893893893894,0,0.19999999999999996,0.4254545454545455,0.0,Young,Medium-Low Income,3,3,0,3
0.7737737737737738,0,0.4444444444444444,0.7127272727272727,1.0,Middle-aged,Medium-High Income,1,2,1,6
0.4684684684684685,1,0.688888888888889,0.09454545454545453,1.0,Elderly,Low Income,0,1,1,2
0.6516516516516516,1,0.8222222222222223,0.41090909090909095,1.0,Elderly,Medium-Low Income,0,3,0,7
0.7287287287287287,1,0.48888888888888893,0.46909090909090906,0.0,Senior,Medium-Low Income,2,3,0,5
0.6476476476476477,0,0.04444444444444445,0.48727272727272725,0.0,Young,Medium-Low Income,3,3,0,3
0.09109109109109109,0,0.15555555555555556,0.13454545454545452,0.0,Young,Low Income,3,1,2,4
0.903903903903904,1,0.19999999999999996,0.4909090909090909,0.0,Young,Medium-Low Income,3,3,0,3
0.6136136136136137,0,0.7333333333333333,0.6072727272727272,1.0,Elderly,Medium-High Income,0,2,1,7
0.7557557557557558,0,0.19999999999999996,0.8872727272727272,1.0,Young,High Income,3,0,2,1
0.3153153153153153,0,0.4666666666666667,0.7163636363636363,0.0,Middle-aged,Medium-High Income,1,2,0,6
0.32432432432432434,0,0.4222222222222223,0.4581818181818182,1.0,Middle-aged,Medium-Low Income,1,3,0,0
0.952952952952953,1,0.9333333333333335,0.13818181818181818,1.0,Elderly,Low Income,0,1,1,2
0.6746746746746747,1,0.28888888888888886,0.025454545454545466,0.0,Young,Low Income,3,1,2,4
0.3723723723723724,0,0.6444444444444445,0.26181818181818184,1.0,Senior,Medium-Low Income,2,3,0,5
0.8788788788788789,1,0.4,0.4254545454545455,0.0,Middle-aged,Medium-Low Income,1,3,0,0
0.8058058058058059,0,0.04444444444444445,0.1527272727272727,0.0,Young,Low Income,3,1,2,4
0.7697697697697697,1,0.48888888888888893,0.20727272727272728,0.0,Senior,Low Income,2,1,2,6
0.3863863863863864,0,0.4,0.6072727272727272,1.0,Middle-aged,Medium-High Income,1,2,1,6
0.3933933933933934,0,0.9333333333333335,0.20727272727272728,0.0,Elderly,Low Income,0,1,1,2
0.9109109109109109,0,0.6,0.9127272727272726,1.0,Senior,High Income,2,0,2,1
0.9219219219219219,1,0.6222222222222223,0.32,0.0,Senior,Medium-Low Income,2,3,0,5
0.4184184184184184,1,0.4444444444444444,0.06909090909090908,0.0,Middle-aged,Low Income,1,1,1,6
0.42542542542542544,0,0.5111111111111111,0.4145454545454545,0.0,Senior,Medium-Low Income,2,3,0,5
0.009009009009009009,1,0.1333333333333333,0.36,0.0,Young,Medium-Low Income,3,3,0,3
0.5465465465465466,1,0.5333333333333333,0.46909090909090906,0.0,Senior,Medium-Low Income,2,3,0,5
0.17317317317317316,1,0.0222222222222222,0.07272727272727271,0.0,Young,Low Income,3,1,2,4
0.4664664664664665,1,0.2222222222222222,0.5563636363636363,0.0,Young,Medium-High Income,3,2,2,4
0.5015015015015015,1,0.8666666666666666,0.869090909090909,1.0,Elderly,High Income,0,0,1,8
0.5525525525525525,1,0.33333333333333337,0.03272727272727273,0.0,Middle-aged,Low Income,1,1,1,6
0.2922922922922923,1,0.2222222222222222,0.5381818181818181,0.0,Young,Medium-High Income,3,2,2,4
0.7187187187187187,0,0.9111111111111111,0.5927272727272727,1.0,Elderly,Medium-High Income,0,2,1,7
0.7587587587587588,1,0.5555555555555556,0.3745454545454545,0.0,Senior,Medium-Low Income,2,3,0,5
0.7397397397397397,1,0.5333333333333333,0.8836363636363636,1.0,Senior,High Income,2,0,2,1
0.08608608608608607,1,0.0222222222222222,0.509090909090909,0.0,Young,Medium-High Income,3,2,2,4
0.7527527527527528,0,0.9555555555555556,0.2509090909090909,1.0,Elderly,Medium-Low Income,0,3,0,7
0.3883883883883884,1,0.7111111111111111,0.44,0.0,Elderly,Medium-Low Income,0,3,0,7
0.7917917917917918,0,0.3555555555555555,0.20363636363636362,0.0,Middle-aged,Low Income,1,1,1,6
0.7827827827827828,1,0.5777777777777778,0.4327272727272727,0.0,Senior,Medium-Low Income,2,3,0,5
0.4864864864864865,0,0.6666666666666666,0.26545454545454544,1.0,Elderly,Medium-Low Income,0,3,0,7
0.08308308308308307,1,0.4222222222222223,0.42909090909090913,0.0,Middle-aged,Medium-Low Income,1,3,0,0
0.05805805805805806,0,0.4222222222222223,0.26545454545454544,0.0,Middle-aged,Medium-Low Income,1,3,0,0
0.15215215215215214,1,0.4666666666666667,0.6618181818181817,1.0,Middle-aged,Medium-High Income,1,2,1,6
0.91991991991992,0,0.5333333333333333,0.11999999999999998,0.0,Senior,Low Income,2,1,2,6
0.5345345345345346,1,1.0,0.6509090909090909,1.0,,Medium-High Income,4,2,2,4
0.8828828828828829,0,0.6222222222222223,0.1890909090909091,1.0,Senior,Low Income,2,1,2,6
0.7497497497497497,1,0.4444444444444444,0.41090909090909095,1.0,Middle-aged,Medium-Low Income,1,3,0,0
0.31931931931931934,0,0.7555555555555556,0.9345454545454543,1.0,Elderly,High Income,0,0,1,8
0.4574574574574575,0,0.7333333333333333,0.5418181818181818,1.0,Elderly,Medium-High Income,0,2,1,7
0.3953953953953954,0,0.1777777777777778,0.0,0.0,Young,Low Income,3,1,2,4
0.41541541541541543,0,0.3111111111111111,0.3963636363636363,0.0,Middle-aged,Medium-Low Income,1,3,0,0
0.5745745745745746,1,0.4444444444444444,0.3527272727272727,0.0,Middle-aged,Medium-Low Income,1,3,0,0
0.6586586586586587,0,0.6666666666666666,0.7236363636363635,1.0,Elderly,Medium-High Income,0,2,1,7
0.2072072072072072,0,0.5111111111111111,0.2727272727272727,0.0,Senior,Medium-Low Income,2,3,0,5
0.5335335335335335,1,0.7555555555555556,0.5345454545454544,1.0,Elderly,Medium-High Income,0,2,1,7
0.0960960960960961,0,0.9555555555555556,0.2363636363636364,1.0,Elderly,Low Income,0,1,1,2
0.6276276276276277,0,0.9777777777777777,0.21454545454545454,0.0,Elderly,Low Income,0,1,1,2
0.6816816816816818,0,0.6666666666666666,0.10909090909090909,1.0,Elderly,Low Income,0,1,1,2
0.96996996996997,0,0.3555555555555555,0.4036363636363636,0.0,Middle-aged,Medium-Low Income,1,3,0,0
0.49549549549549554,1,0.24444444444444446,0.20363636363636362,0.0,Young,Low Income,3,1,2,4
0.7617617617617618,1,0.4444444444444444,0.4763636363636364,1.0,Middle-aged,Medium-Low Income,1,3,0,0
0.4944944944944945,0,0.7111111111111111,0.2727272727272727,1.0,Elderly,Medium-Low Income,0,3,0,7
0.5735735735735736,0,0.888888888888889,0.14181818181818184,1.0,Elderly,Low Income,0,1,1,2
0.5135135135135135,0,0.3555555555555555,0.4145454545454545,0.0,Middle-aged,Medium-Low Income,1,3,0,0
0.8728728728728729,1,0.1333333333333333,0.04727272727272726,0.0,Young,Low Income,3,1,2,4
0.8668668668668669,0,0.5333333333333333,0.4254545454545455,0.0,Senior,Medium-Low Income,2,3,0,5
0.27127127127127126,0,0.4444444444444444,0.46909090909090906,0.0,Middle-aged,Medium-Low Income,1,3,0,0
0.3823823823823824,1,0.6666666666666666,0.06909090909090908,1.0,Elderly,Low Income,0,1,1,2
0.17717717717717718,1,0.6222222222222223,0.0909090909090909,1.0,Senior,Low Income,2,1,2,6
0.7387387387387387,0,0.7111111111111111,0.21090909090909093,0.0,Elderly,Low Income,0,1,1,2
0.04604604604604605,0,0.6666666666666666,0.24363636363636365,0.0,Elderly,Low Income,0,1,1,2
0.6246246246246246,0,0.24444444444444446,0.3018181818181818,0.0,Young,Medium-Low Income,3,3,0,3
0.8008008008008008,1,0.4444444444444444,0.4254545454545455,0.0,Middle-aged,Medium-Low Income,1,3,0,0
0.6146146146146146,1,0.9555555555555556,0.1490909090909091,1.0,Elderly,Low Income,0,1,1,2
0.6056056056056056,1,0.5555555555555556,0.29454545454545455,0.0,Senior,Medium-Low Income,2,3,0,5
0.2052052052052052,0,0.48888888888888893,0.9054545454545453,1.0,Senior,High Income,2,0,2,1
0.9969969969969971,0,0.5111111111111111,0.9345454545454543,1.0,Senior,High Income,2,0,2,1
0.21521521521521522,1,0.4,0.3236363636363636,0.0,Middle-aged,Medium-Low Income,1,3,0,0
0.8978978978978979,0,0.6,0.2181818181818182,1.0,Senior,Low Income,2,1,2,6
0.07607607607607607,1,0.0222222222222222,0.39999999999999997,0.0,Young,Medium-Low Income,3,3,0,3
0.5285285285285285,0,0.5555555555555556,0.858181818181818,0.0,Senior,High Income,2,0,2,1
0.7687687687687688,1,0.4444444444444444,0.33454545454545453,0.0,Middle-aged,Medium-Low Income,1,3,0,0
0.8448448448448449,0,0.8222222222222223,0.5636363636363636,1.0,Elderly,Medium-High Income,0,2,1,7
0.23823823823823823,0,0.7999999999999999,0.6472727272727272,1.0,Elderly,Medium-High Income,0,2,1,7
0.45845845845845845,1,0.15555555555555556,0.5236363636363636,0.0,Young,Medium-High Income,3,2,2,4
0.948948948948949,1,0.28888888888888886,0.44363636363636366,0.0,Young,Medium-Low Income,3,3,0,3
0.5515515515515516,1,0.9333333333333335,0.19636363636363635,1.0,Elderly,Low Income,0,1,1,2
0.31631631631631635,0,0.4444444444444444,0.4836363636363636,0.0,Middle-aged,Medium-Low Income,1,3,0,0
0.6916916916916918,0,0.4,0.41818181818181815,0.0,Middle-aged,Medium-Low Income,1,3,0,0
0.6826826826826827,0,0.6,0.5636363636363636,1.0,Senior,Medium-High Income,2,2,2,6
0.2082082082082082,0,0.7999999999999999,0.9709090909090907,1.0,Elderly,High Income,0,0,1,8
0.18618618618618618,1,0.24444444444444446,0.33090909090909093,0.0,Young,Medium-Low Income,3,3,0,3
0.16916916916916916,0,0.11111111111111116,0.09454545454545453,0.0,Young,Low Income,3,1,2,4
0.24324324324324323,1,0.6222222222222223,0.5309090909090909,1.0,Senior,Medium-High Income,2,2,2,6
0.5115115115115115,1,0.1777777777777778,0.10909090909090909,0.0,Young,Low Income,3,1,2,4
0.6786786786786787,0,0.4666666666666667,0.4836363636363636,0.0,Middle-aged,Medium-Low Income,1,3,0,0
0.8378378378378378,1,0.6,0.9927272727272727,1.0,Senior,High Income,2,0,2,1
0.22322322322322322,0,0.4,0.26545454545454544,0.0,Middle-aged,Medium-Low Income,1,3,0,0
0.5995995995995996,0,0.48888888888888893,0.34545454545454546,0.0,Senior,Medium-Low Income,2,3,0,5
0.8078078078078078,1,0.15555555555555556,0.5127272727272727,0.0,Young,Medium-High Income,3,2,2,4
0.17017017017017017,0,0.7555555555555556,0.9636363636363636,1.0,Elderly,High Income,0,0,1,8
0.21921921921921922,0,0.2666666666666667,0.7345454545454545,0.0,Young,Medium-High Income,3,2,2,4
0.955955955955956,1,0.24444444444444446,0.20363636363636362,0.0,Young,Low Income,3,1,2,4
0.9359359359359359,1,0.48888888888888893,0.36363636363636365,0.0,Senior,Medium-Low Income,2,3,0,5
0.33233233233233234,1,0.04444444444444445,0.41090909090909095,0.0,Young,Medium-Low Income,3,3,0,3
0.8538538538538538,1,0.15555555555555556,0.4727272727272727,0.0,Young,Medium-Low Income,3,3,0,3
0.057057057057057055,0,0.5555555555555556,0.4836363636363636,1.0,Senior,Medium-Low Income,2,3,0,5
0.7157157157157157,0,0.7777777777777778,0.5563636363636363,1.0,Elderly,Medium-High Income,0,2,1,7
0.7727727727727728,0,0.6222222222222223,0.8763636363636362,0.0,Senior,High Income,2,0,2,1
0.8348348348348349,0,0.8444444444444444,0.5054545454545454,1.0,Elderly,Medium-High Income,0,2,1,7
0.34934934934934936,0,0.1777777777777778,0.4727272727272727,0.0,Young,Medium-Low Income,3,3,0,3
0.16316316316316315,1,0.28888888888888886,0.021818181818181806,0.0,Young,Low Income,3,1,2,4
0.3783783783783784,0,0.9777777777777777,0.11999999999999998,1.0,Elderly,Low Income,0,1,1,2
0.6366366366366366,1,0.5333333333333333,0.9745454545454544,1.0,Senior,High Income,2,0,2,1
0.8408408408408409,1,0.6666666666666666,0.14181818181818184,1.0,Elderly,Low Income,0,1,1,2
0.2042042042042042,0,0.4,0.3745454545454545,0.0,Middle-aged,Medium-Low Income,1,3,0,0
0.24224224224224222,0,0.28888888888888886,0.5381818181818181,0.0,Young,Medium-High Income,3,2,2,4
0.3603603603603604,0,0.4222222222222223,0.29454545454545455,0.0,Middle-aged,Medium-Low Income,1,3,0,0
0.2682682682682683,0,0.5111111111111111,0.3090909090909091,0.0,Senior,Medium-Low Income,2,3,0,5
0.030030030030030033,0,0.2222222222222222,0.3236363636363636,0.0,Young,Medium-Low Income,3,3,0,3
0.7447447447447447,1,0.33333333333333337,0.20363636363636362,0.0,Middle-aged,Low Income,1,1,1,6
0.8798798798798799,1,1.0,0.15636363636363637,1.0,,Low Income,4,1,2,4
0.937937937937938,0,0.7111111111111111,0.1527272727272727,1.0,Elderly,Low Income,0,1,1,2
0.9099099099099099,0,0.3555555555555555,0.07272727272727271,0.0,Middle-aged,Low Income,1,1,1,6
0.2832832832832833,1,0.24444444444444446,0.13454545454545452,0.0,Young,Low Income,3,1,2,4
0.07007007007007006,1,0.5333333333333333,0.22909090909090907,0.0,Senior,Low Income,2,1,2,6
0.14214214214214213,1,0.2222222222222222,0.549090909090909,0.0,Young,Medium-High Income,3,2,2,4
0.4514514514514515,1,0.06666666666666665,0.5309090909090909,0.0,Young,Medium-High Income,3,2,2,4
0.25125125125125125,0,0.7777777777777778,0.13818181818181818,1.0,Elderly,Low Income,0,1,1,2
0.8098098098098099,0,0.4444444444444444,0.36363636363636365,0.0,Middle-aged,Medium-Low Income,1,3,0,0
0.5405405405405406,0,0.06666666666666665,0.38545454545454544,0.0,Young,Medium-Low Income,3,3,0,3
0.23623623623623624,1,0.5111111111111111,0.3745454545454545,0.0,Senior,Medium-Low Income,2,3,0,5
0.9309309309309309,0,0.5555555555555556,0.7054545454545453,1.0,Senior,Medium-High Income,2,2,2,6
0.6636636636636637,1,0.6444444444444445,0.5418181818181818,1.0,Senior,Medium-High Income,2,2,2,6
0.6156156156156156,1,0.4444444444444444,0.3090909090909091,0.0,Middle-aged,Medium-Low Income,1,3,0,0
0.5655655655655656,0,0.24444444444444446,0.2218181818181818,0.0,Young,Low Income,3,1,2,4
0.8528528528528528,1,0.4444444444444444,0.4072727272727273,0.0,Middle-aged,Medium-Low Income,1,3,0,0
0.16816816816816815,0,0.6444444444444445,0.669090909090909,1.0,Senior,Medium-High Income,2,2,2,6
0.4714714714714715,0,0.5111111111111111,0.4145454545454545,0.0,Senior,Medium-Low Income,2,3,0,5
0.8648648648648649,0,0.24444444444444446,0.5127272727272727,0.0,Young,Medium-High Income,3,2,2,4
0.7907907907907908,0,0.4222222222222223,0.9527272727272726,1.0,Middle-aged,High Income,1,0,1,1
0.8778778778778779,1,0.5111111111111111,0.3381818181818182,0.0,Senior,Medium-Low Income,2,3,0,5
0.2702702702702703,0,0.4,0.9709090909090907,1.0,Middle-aged,High Income,1,0,1,1
0.7627627627627628,1,0.1777777777777778,0.12363636363636364,0.0,Young,Low Income,3,1,2,4
0.09709709709709709,1,0.3111111111111111,0.44,0.0,Middle-aged,Medium-Low Income,1,3,0,0
0.6206206206206206,0,0.1777777777777778,0.4145454545454545,0.0,Young,Medium-Low Income,3,3,0,3
0.11211211211211211,1,0.5333333333333333,0.4763636363636364,0.0,Senior,Medium-Low Income,2,3,0,5
0.5755755755755756,1,0.9555555555555556,0.6436363636363636,1.0,Elderly,Medium-High Income,0,2,1,7
0.8618618618618619,0,0.7777777777777778,0.9054545454545453,1.0,Elderly,High Income,0,0,1,8
0.8958958958958959,1,0.5555555555555556,0.45454545454545453,0.0,Senior,Medium-Low Income,2,3,0,5
0.031031031031031032,0,0.6444444444444445,0.2545454545454545,1.0,Senior,Medium-Low Income,2,3,0,5
0.8708708708708709,1,0.28888888888888886,0.2581818181818182,0.0,Young,Medium-Low Income,3,3,0,3
0.943943943943944,0,0.688888888888889,0.5054545454545454,0.0,Elderly,Medium-High Income,0,2,1,7
0.8878878878878879,0,0.4222222222222223,0.8181818181818181,1.0,Middle-aged,High Income,1,0,1,1
0.7607607607607608,0,0.7555555555555556,0.5454545454545454,1.0,Elderly,Medium-High Income,0,2,1,7
0.5325325325325325,1,0.6222222222222223,0.05818181818181818,1.0,Senior,Low Income,2,1,2,6
0.24424424424424424,1,0.11111111111111116,0.03272727272727273,0.0,Young,Low Income,3,1,2,4
0.1011011011011011,1,0.28888888888888886,0.01090909090909091,0.0,Young,Low Income,3,1,2,4
0.960960960960961,1,0.37777777777777777,0.4145454545454545,0.0,Middle-aged,Medium-Low Income,1,3,0,0
0.975975975975976,0,0.0222222222222222,0.08,0.0,Young,Low Income,3,1,2,4
0.6846846846846847,1,0.3111111111111111,0.7636363636363636,1.0,Middle-aged,High Income,1,0,1,1
0.001001001001001001,0,0.4444444444444444,0.3527272727272727,0.0,Middle-aged,Medium-Low Income,1,3,0,0
0.8578578578578578,0,0.48888888888888893,0.4909090909090909,0.0,Senior,Medium-Low Income,2,3,0,5
0.43343343343343343,0,0.0222222222222222,0.3963636363636363,0.0,Young,Medium-Low Income,3,3,0,3
0.8488488488488488,0,0.0888888888888889,0.34909090909090906,0.0,Young,Medium-Low Income,3,3,0,3
0.06506506506506506,0,0.9111111111111111,0.6654545454545454,1.0,Elderly,Medium-High Income,0,2,1,7
0.7947947947947948,0,0.6222222222222223,0.22909090909090907,1.0,Senior,Low Income,2,1,2,6
0.8758758758758759,1,0.6666666666666666,0.21454545454545454,0.0,Elderly,Low Income,0,1,1,2
0.8428428428428428,1,0.6222222222222223,0.8472727272727272,1.0,Senior,High Income,2,0,2,1
0.5365365365365365,0,0.5111111111111111,0.26181818181818184,0.0,Senior,Medium-Low Income,2,3,0,5
0.8508508508508509,0,0.888888888888889,0.23272727272727273,1.0,Elderly,Low Income,0,1,1,2
0.16216216216216214,1,0.4666666666666667,0.9563636363636363,1.0,Middle-aged,High Income,1,0,1,1
0.14014014014014015,0,0.8666666666666666,0.6581818181818181,1.0,Elderly,Medium-High Income,0,2,1,7
0.3383383383383384,1,0.37777777777777777,0.4654545454545454,0.0,Middle-aged,Medium-Low Income,1,3,0,0
0.26126126126126126,0,0.4666666666666667,0.32,0.0,Middle-aged,Medium-Low Income,1,3,0,0
0.2092092092092092,1,0.5777777777777778,0.8399999999999999,1.0,Senior,High Income,2,0,2,1
0.2602602602602603,0,0.3555555555555555,0.7236363636363635,0.0,Middle-aged,Medium-High Income,1,2,0,6
0.7197197197197197,0,0.9555555555555556,0.07636363636363637,1.0,Elderly,Low Income,0,1,1,2
0.7247247247247247,0,0.4444444444444444,0.31636363636363635,0.0,Middle-aged,Medium-Low Income,1,3,0,0
0.42942942942942947,0,0.5333333333333333,0.43636363636363634,0.0,Senior,Medium-Low Income,2,3,0,5
0.42442442442442446,0,0.2666666666666667,0.10545454545454545,0.0,Young,Low Income,3,1,2,4
0.5055055055055055,0,0.2222222222222222,0.16000000000000003,0.0,Young,Low Income,3,1,2,4
0.42042042042042044,0,0.7777777777777778,0.17818181818181816,1.0,Elderly,Low Income,0,1,1,2
0.15615615615615616,1,0.15555555555555556,0.06909090909090908,0.0,Young,Low Income,3,1,2,4
0.2132132132132132,0,0.9333333333333335,0.22545454545454546,1.0,Elderly,Low Income,0,1,1,2
0.14814814814814814,1,0.7555555555555556,0.06909090909090908,1.0,Elderly,Low Income,0,1,1,2
0.6086086086086087,1,0.48888888888888893,0.789090909090909,1.0,Senior,High Income,2,0,2,1
0.7537537537537538,0,0.33333333333333337,0.39272727272727276,0.0,Middle-aged,Medium-Low Income,1,3,0,0
0.25825825825825827,1,0.19999999999999996,0.018181818181818174,0.0,Young,Low Income,3,1,2,4
0.30830830830830835,0,0.8444444444444444,0.8109090909090908,1.0,Elderly,High Income,0,0,1,8
0.24524524524524524,0,0.4444444444444444,0.2545454545454545,0.0,Middle-aged,Medium-Low Income,1,3,0,0
0.004004004004004004,1,0.5111111111111111,0.6799999999999999,1.0,Senior,Medium-High Income,2,2,2,6
0.13713713713713713,0,0.5555555555555556,0.4327272727272727,0.0,Senior,Medium-Low Income,2,3,0,5
0.13913913913913914,1,0.6444444444444445,0.4763636363636364,1.0,Senior,Medium-Low Income,2,3,0,5
0.23523523523523523,0,0.4444444444444444,0.5781818181818181,1.0,Middle-aged,Medium-High Income,1,2,1,6
0.7767767767767768,0,0.7555555555555556,0.8945454545454545,1.0,Elderly,High Income,0,0,1,8
0.7077077077077077,0,0.19999999999999996,0.589090909090909,1.0,Young,Medium-High Income,3,2,2,4
0.7647647647647647,1,0.48888888888888893,0.3054545454545454,0.0,Senior,Medium-Low Income,2,3,0,5
0.33333333333333337,0,0.6222222222222223,0.05090909090909092,0.0,Senior,Low Income,2,1,2,6
0.1971971971971972,1,0.3111111111111111,0.021818181818181806,0.0,Middle-aged,Low Income,1,1,1,6
0.8518518518518519,0,0.3111111111111111,0.7418181818181817,0.0,Middle-aged,Medium-High Income,1,2,0,6
0.4894894894894895,1,0.48888888888888893,0.32,0.0,Senior,Medium-Low Income,2,3,0,5
0.5475475475475475,0,0.4666666666666667,0.3018181818181818,0.0,Middle-aged,Medium-Low Income,1,3,0,0
0.02102102102102102,0,0.8444444444444444,0.8472727272727272,1.0,Elderly,High Income,0,0,1,8
0.5865865865865866,0,0.2666666666666667,0.4654545454545454,0.0,Young,Medium-Low Income,3,3,0,3
0.09509509509509509,1,0.5111111111111111,0.4472727272727272,0.0,Senior,Medium-Low Income,2,3,0,5
0.6896896896896897,0,0.9555555555555556,0.18545454545454548,1.0,Elderly,Low Income,0,1,1,2
0.4624624624624625,1,0.8444444444444444,0.4327272727272727,1.0,Elderly,Medium-Low Income,0,3,0,7
0.7987987987987988,1,0.37777777777777777,0.17454545454545456,0.0,Middle-aged,Low Income,1,1,1,6
0.1931931931931932,0,0.6666666666666666,0.8436363636363635,1.0,Elderly,High Income,0,0,1,8
0.8358358358358359,0,0.4,0.34909090909090906,0.0,Middle-aged,Medium-Low Income,1,3,0,0
0.31331331331331336,0,0.4444444444444444,0.8981818181818182,1.0,Middle-aged,High Income,1,0,1,1
0.042042042042042045,0,0.7333333333333333,0.9527272727272726,1.0,Elderly,High Income,0,0,1,8
0.9129129129129129,0,0.9111111111111111,0.10181818181818182,1.0,Elderly,Low Income,0,1,1,2
0.07107107107107107,0,0.2222222222222222,0.5127272727272727,0.0,Young,Medium-High Income,3,2,2,4
0.974974974974975,1,0.48888888888888893,0.41818181818181815,1.0,Senior,Medium-Low Income,2,3,0,5
0.2692692692692693,1,0.11111111111111116,0.34909090909090906,0.0,Young,Medium-Low Income,3,3,0,3
0.31431431431431434,1,0.8444444444444444,0.18545454545454548,1.0,Elderly,Low Income,0,1,1,2
0.17517517517517517,1,0.5111111111111111,0.4254545454545455,0.0,Senior,Medium-Low Income,2,3,0,5
0.04804804804804805,1,0.1777777777777778,0.5563636363636363,0.0,Young,Medium-High Income,3,2,2,4
0.035035035035035036,1,0.04444444444444445,0.08363636363636363,0.0,Young,Low Income,3,1,2,4
0.29629629629629634,1,0.1333333333333333,0.5018181818181817,0.0,Young,Medium-High Income,3,2,2,4
0.984984984984985,0,0.7111111111111111,0.18545454545454548,1.0,Elderly,Low Income,0,1,1,2
0.15715715715715714,1,0.5333333333333333,0.36363636363636365,0.0,Senior,Medium-Low Income,2,3,0,5
0.6576576576576577,0,0.19999999999999996,0.31272727272727274,0.0,Young,Medium-Low Income,3,3,0,3
0.3403403403403404,0,0.11111111111111116,0.3709090909090909,0.0,Young,Medium-Low Income,3,3,0,3
0.7177177177177178,0,0.6444444444444445,0.4981818181818181,0.0,Senior,Medium-Low Income,2,3,0,5
0.5495495495495496,1,0.688888888888889,0.5563636363636363,1.0,Elderly,Medium-High Income,0,2,1,7
0.9009009009009009,0,0.37777777777777777,0.4254545454545455,0.0,Middle-aged,Medium-Low Income,1,3,0,0
0.15015015015015015,0,0.8666666666666666,0.08,1.0,Elderly,Low Income,0,1,1,2
0.2842842842842843,1,0.4666666666666667,0.589090909090909,1.0,Middle-aged,Medium-High Income,1,2,1,6
0.5695695695695696,0,0.28888888888888886,0.4763636363636364,0.0,Young,Medium-Low Income,3,3,0,3
0.8328328328328328,0,0.9111111111111111,0.06909090909090908,1.0,Elderly,Low Income,0,1,1,2
0.12612612612612611,1,0.48888888888888893,0.4836363636363636,1.0,Senior,Medium-Low Income,2,3,0,5
0.07507507507507508,0,0.5555555555555556,0.6872727272727271,1.0,Senior,Medium-High Income,2,2,2,6
0.914914914914915,0,0.5333333333333333,0.39999999999999997,0.0,Senior,Medium-Low Income,2,3,0,5
0.5485485485485486,0,0.37777777777777777,0.2545454545454545,0.0,Middle-aged,Medium-Low Income,1,3,0,0
0.2162162162162162,0,0.4666666666666667,0.26545454545454544,0.0,Middle-aged,Medium-Low Income,1,3,0,0
0.5815815815815816,1,0.7111111111111111,0.10545454545454545,1.0,Elderly,Low Income,0,1,1,2
0.6936936936936937,0,0.3111111111111111,0.5163636363636362,0.0,Middle-aged,Medium-High Income,1,2,0,6
0.18518518518518517,1,0.37777777777777777,0.08727272727272727,0.0,Middle-aged,Low Income,1,1,1,6
0.5175175175175175,0,0.48888888888888893,0.8763636363636362,1.0,Senior,High Income,2,0,2,1
0.5125125125125125,0,0.04444444444444445,0.05454545454545455,0.0,Young,Low Income,3,1,2,4
0.14614614614614613,1,0.06666666666666665,0.44,0.0,Young,Medium-Low Income,3,3,0,3
0.4904904904904905,0,0.688888888888889,0.8763636363636362,1.0,Elderly,High Income,0,0,1,8
0.888888888888889,1,0.4,0.26545454545454544,0.0,Middle-aged,Medium-Low Income,1,3,0,0
0.9069069069069069,1,0.4,0.04727272727272726,0.0,Middle-aged,Low Income,1,1,1,6
0.6006006006006006,0,0.888888888888889,0.8545454545454545,1.0,Elderly,High Income,0,0,1,8
0.8748748748748749,0,0.5777777777777778,0.4327272727272727,0.0,Senior,Medium-Low Income,2,3,0,5
0.4544544544544545,1,0.48888888888888893,0.8763636363636362,1.0,Senior,High Income,2,0,2,1
0.5255255255255256,1,0.04444444444444445,0.5163636363636362,0.0,Young,Medium-High Income,3,2,2,4
0.5675675675675675,1,0.2222222222222222,0.04727272727272726,0.0,Young,Low Income,3,1,2,4
0.07407407407407407,1,0.11111111111111116,0.4909090909090909,0.0,Young,Medium-Low Income,3,3,0,3
0.92992992992993,1,0.6666666666666666,0.1890909090909091,1.0,Elderly,Low Income,0,1,1,2
0.03703703703703704,0,0.5555555555555556,0.4472727272727272,0.0,Senior,Medium-Low Income,2,3,0,5
0.7127127127127127,0,0.0222222222222222,0.043636363636363626,0.0,Young,Low Income,3,1,2,4
0.5145145145145146,0,0.2666666666666667,0.3418181818181818,0.0,Young,Medium-Low Income,3,3,0,3
0.14514514514514515,1,0.3111111111111111,0.021818181818181806,0.0,Middle-aged,Low Income,1,1,1,6
0.990990990990991,0,0.7777777777777778,0.1709090909090909,1.0,Elderly,Low Income,0,1,1,2
0.3763763763763764,1,0.5777777777777778,0.2872727272727273,0.0,Senior,Medium-Low Income,2,3,0,5
0.2262262262262262,1,0.4222222222222223,0.2909090909090909,0.0,Middle-aged,Medium-Low Income,1,3,0,0
0.40540540540540543,1,0.6222222222222223,0.09454545454545453,1.0,Senior,Low Income,2,1,2,6
0.02002002002002002,1,0.4,0.34545454545454546,0.0,Middle-aged,Medium-Low Income,1,3,0,0
0.8088088088088088,1,0.7999999999999999,0.39999999999999997,1.0,Elderly,Medium-Low Income,0,3,0,7
0.6296296296296297,0,0.5777777777777778,0.17454545454545456,0.0,Senior,Low Income,2,1,2,6
0.5065065065065065,1,0.7333333333333333,0.5636363636363636,1.0,Elderly,Medium-High Income,0,2,1,7
0.1061061061061061,0,0.6444444444444445,0.6,0.0,Senior,Medium-High Income,2,2,0,6
0.965965965965966,0,0.3111111111111111,0.9818181818181817,1.0,Middle-aged,High Income,1,0,1,1
0.4804804804804805,0,0.9777777777777777,0.46181818181818185,1.0,Elderly,Medium-Low Income,0,3,0,7
0.8158158158158159,0,0.15555555555555556,0.549090909090909,0.0,Young,Medium-High Income,3,2,2,4
0.8928928928928929,0,0.5333333333333333,0.3381818181818182,0.0,Senior,Medium-Low Income,2,3,0,5
0.985985985985986,1,0.37777777777777777,0.31272727272727274,0.0,Middle-aged,Medium-Low Income,1,3,0,0
0.9669669669669669,1,0.15555555555555556,0.05090909090909092,0.0,Young,Low Income,3,1,2,4
0.9819819819819819,1,0.5111111111111111,0.24363636363636365,0.0,Senior,Low Income,2,1,2,6
0.8028028028028028,0,0.888888888888889,0.05818181818181818,1.0,Elderly,Low Income,0,1,1,2
0.008008008008008008,1,0.6222222222222223,0.13454545454545452,1.0,Senior,Low Income,2,1,2,6
0.8218218218218218,1,0.5777777777777778,0.5418181818181818,1.0,Senior,Medium-High Income,2,2,2,6
0.35935935935935936,1,0.37777777777777777,0.6763636363636363,0.0,Middle-aged,Medium-High Income,1,2,0,6
0.19919919919919918,0,0.5777777777777778,0.4327272727272727,0.0,Senior,Medium-Low Income,2,3,0,5
0.6096096096096096,0,0.6666666666666666,0.589090909090909,1.0,Elderly,Medium-High Income,0,2,1,7
0.5925925925925926,0,0.6,0.29454545454545455,0.0,Senior,Medium-Low Income,2,3,0,5
0.5835835835835836,1,0.5111111111111111,0.33090909090909093,0.0,Senior,Medium-Low Income,2,3,0,5
0.924924924924925,0,0.7999999999999999,0.6581818181818181,1.0,Elderly,Medium-High Income,0,2,1,7
0.40940940940940945,1,0.0888888888888889,0.021818181818181806,0.0,Young,Low Income,3,1,2,4
0.7167167167167168,1,0.0,0.48727272727272725,0.0,Young,Medium-Low Income,3,3,0,3
0.03203203203203203,1,0.2666666666666667,0.34545454545454546,0.0,Young,Medium-Low Income,3,3,0,3
0.11411411411411411,1,0.48888888888888893,0.33454545454545453,0.0,Senior,Medium-Low Income,2,3,0,5
0.5555555555555556,1,0.5111111111111111,0.32,0.0,Senior,Medium-Low Income,2,3,0,5
0.6356356356356356,1,0.7555555555555556,0.4472727272727272,0.0,Elderly,Medium-Low Income,0,3,0,7
0.9469469469469469,0,0.06666666666666665,0.007272727272727278,0.0,Young,Low Income,3,1,2,4
0.928928928928929,0,0.19999999999999996,0.4836363636363636,0.0,Young,Medium-Low Income,3,3,0,3
0.4414414414414415,1,0.24444444444444446,0.43636363636363634,0.0,Young,Medium-Low Income,3,3,0,3
0.15815815815815815,1,0.24444444444444446,0.33454545454545453,0.0,Young,Medium-Low Income,3,3,0,3
0.958958958958959,1,0.19999999999999996,0.5454545454545454,0.0,Young,Medium-High Income,3,2,2,4
0.15115115115115116,1,0.1333333333333333,0.05818181818181818,0.0,Young,Low Income,3,1,2,4
0.2552552552552553,0,0.4222222222222223,0.4727272727272727,0.0,Middle-aged,Medium-Low Income,1,3,0,0
0.2952952952952953,0,0.1777777777777778,0.14545454545454545,0.0,Young,Low Income,3,1,2,4
0.036036036036036036,0,0.0888888888888889,0.08727272727272727,0.0,Young,Low Income,3,1,2,4
0.14314314314314314,1,0.7777777777777778,0.4145454545454545,1.0,Elderly,Medium-Low Income,0,3,0,7
0.7637637637637638,0,0.19999999999999996,0.27999999999999997,0.0,Young,Medium-Low Income,3,3,0,3
0.05005005005005005,1,0.2222222222222222,0.4654545454545454,0.0,Young,Medium-Low Income,3,3,0,3
0.5225225225225225,0,0.5777777777777778,0.4327272727272727,0.0,Senior,Medium-Low Income,2,3,0,5
0.3983983983983984,0,0.5555555555555556,0.41090909090909095,0.0,Senior,Medium-Low Income,2,3,0,5
0.06006006006006006,1,0.9111111111111111,0.949090909090909,1.0,Elderly,High Income,0,0,1,8
0.32832832832832837,1,0.1333333333333333,0.2909090909090909,0.0,Young,Medium-Low Income,3,3,0,3
0.16416416416416416,1,0.28888888888888886,0.4836363636363636,0.0,Young,Medium-Low Income,3,3,0,3
0.3613613613613614,0,0.4222222222222223,0.4072727272727273,0.0,Middle-aged,Medium-Low Income,1,3,0,0
0.19419419419419418,0,0.7555555555555556,0.8763636363636362,0.0,Elderly,High Income,0,0,1,8
0.94994994994995,1,0.9333333333333335,0.49454545454545457,1.0,Elderly,Medium-Low Income,0,3,0,7
0.6436436436436437,1,0.4,0.7999999999999999,1.0,Middle-aged,High Income,1,0,1,1
0.1871871871871872,0,0.15555555555555556,0.09818181818181816,0.0,Young,Low Income,3,1,2,4
0.7867867867867868,0,0.24444444444444446,0.5199999999999999,0.0,Young,Medium-High Income,3,2,2,4
0.4924924924924925,0,0.4222222222222223,0.3054545454545454,0.0,Middle-aged,Medium-Low Income,1,3,0,0
0.05205205205205205,1,0.9333333333333335,0.19636363636363635,1.0,Elderly,Low Income,0,1,1,2
0.4084084084084084,0,0.9333333333333335,0.7963636363636363,1.0,Elderly,High Income,0,0,1,8
0.2592592592592593,0,0.7999999999999999,0.6763636363636363,1.0,Elderly,Medium-High Income,0,2,1,7
0.002002002002002002,1,0.04444444444444445,0.42909090909090913,0.0,Young,Medium-Low Income,3,3,0,3
0.2222222222222222,0,0.6,0.4836363636363636,0.0,Senior,Medium-Low Income,2,3,0,5
0.3433433433433434,0,0.688888888888889,0.06909090909090908,0.0,Elderly,Low Income,0,1,1,2
0.017017017017017015,1,1.0,0.21454545454545454,1.0,,Low Income,4,1,2,4
0.1081081081081081,1,0.6444444444444445,0.7527272727272727,1.0,Senior,High Income,2,0,2,1
0.8638638638638639,0,0.19999999999999996,0.21454545454545454,0.0,Young,Low Income,3,1,2,4
0.4734734734734735,0,0.4444444444444444,0.2727272727272727,0.0,Middle-aged,Medium-Low Income,1,3,0,0
0.7927927927927928,1,0.8222222222222223,0.17454545454545456,1.0,Elderly,Low Income,0,1,1,2
0.6316316316316316,0,0.0,0.5163636363636362,0.0,Young,Medium-High Income,3,2,2,4
0.2992992992992993,0,0.0,0.38545454545454544,0.0,Young,Medium-Low Income,3,3,0,3
0.32232232232232233,1,0.9555555555555556,0.5054545454545454,1.0,Elderly,Medium-High Income,0,2,1,7
0.8468468468468469,0,0.2222222222222222,0.509090909090909,0.0,Young,Medium-High Income,3,2,2,4
0.3253253253253253,0,0.1777777777777778,0.2690909090909091,0.0,Young,Medium-Low Income,3,3,0,3
0.2032032032032032,0,0.4,0.4254545454545455,0.0,Middle-aged,Medium-Low Income,1,3,0,0
0.6186186186186187,1,0.3111111111111111,0.03272727272727273,0.0,Middle-aged,Low Income,1,1,1,6
0.7267267267267268,0,0.37777777777777777,0.07272727272727271,0.0,Middle-aged,Low Income,1,1,1,6
0.13513513513513511,0,0.7999999999999999,0.1490909090909091,1.0,Elderly,Low Income,0,1,1,2
0.4674674674674675,0,0.48888888888888893,0.4909090909090909,0.0,Senior,Medium-Low Income,2,3,0,5
0.7057057057057057,1,0.5555555555555556,0.29454545454545455,0.0,Senior,Medium-Low Income,2,3,0,5
0.4824824824824825,0,0.6222222222222223,0.7236363636363635,1.0,Senior,Medium-High Income,2,2,2,6
0.2972972972972973,0,0.1333333333333333,0.5381818181818181,0.0,Young,Medium-High Income,3,2,2,4
0.8968968968968969,1,0.4222222222222223,0.938181818181818,1.0,Middle-aged,High Income,1,0,1,1
0.3853853853853854,0,0.6222222222222223,0.42909090909090913,0.0,Senior,Medium-Low Income,2,3,0,5
0.4464464464464465,1,0.5555555555555556,0.6581818181818181,1.0,Senior,Medium-High Income,2,2,2,6
0.6766766766766767,0,0.6666666666666666,0.2727272727272727,1.0,Elderly,Medium-Low Income,0,3,0,7
0.30330330330330335,1,0.5333333333333333,0.6799999999999999,1.0,Senior,Medium-High Income,2,2,2,6
0.3793793793793794,1,0.7111111111111111,0.5418181818181818,1.0,Elderly,Medium-High Income,0,2,1,7
0.913913913913914,1,0.2666666666666667,0.24727272727272726,0.0,Young,Low Income,3,1,2,4
0.5375375375375375,1,0.33333333333333337,0.11636363636363635,0.0,Middle-aged,Low Income,1,1,1,6
0.6496496496496497,1,0.4666666666666667,0.4072727272727273,0.0,Middle-aged,Medium-Low Income,1,3,0,0
0.7017017017017018,1,0.48888888888888893,0.2872727272727273,0.0,Senior,Medium-Low Income,2,3,0,5
0.006006006006006006,0,0.7333333333333333,0.8654545454545454,0.0,Elderly,High Income,0,0,1,8
0.30430430430430433,0,0.7777777777777778,0.05454545454545455,1.0,Elderly,Low Income,0,1,1,2
0.39239239239239243,1,0.4222222222222223,0.6218181818181817,1.0,Middle-aged,Medium-High Income,1,2,1,6
0.7797797797797797,0,0.48888888888888893,0.4763636363636364,0.0,Senior,Medium-Low Income,2,3,0,5
0.6536536536536537,1,0.0888888888888889,0.4254545454545455,0.0,Young,Medium-Low Income,3,3,0,3
0.8698698698698699,0,0.5111111111111111,0.7309090909090908,1.0,Senior,Medium-High Income,2,2,2,6
0.8658658658658659,0,0.6,0.4909090909090909,1.0,Senior,Medium-Low Income,2,3,0,5
0.011011011011011011,1,0.24444444444444446,0.549090909090909,0.0,Young,Medium-High Income,3,2,2,4
0.13613613613613612,0,0.9333333333333335,0.5418181818181818,1.0,Elderly,Medium-High Income,0,2,1,7
0.10010010010010009,1,0.4444444444444444,0.5709090909090908,1.0,Middle-aged,Medium-High Income,1,2,1,6
0.6226226226226227,0,0.6444444444444445,0.2,1.0,Senior,Low Income,2,1,2,6
0.2892892892892893,1,0.3555555555555555,0.7054545454545453,1.0,Middle-aged,Medium-High Income,1,2,1,6
0.044044044044044044,1,0.2666666666666667,0.014545454545454542,0.0,Young,Low Income,3,1,2,4
0.23323323323323322,0,0.5777777777777778,0.4909090909090909,0.0,Senior,Medium-Low Income,2,3,0,5
0.30630630630630634,1,0.24444444444444446,0.4763636363636364,0.0,Young,Medium-Low Income,3,3,0,3
0.5615615615615616,1,0.24444444444444446,0.7963636363636363,1.0,Young,High Income,3,0,2,1
0.3753753753753754,0,0.4222222222222223,0.4472727272727272,0.0,Middle-aged,Medium-Low Income,1,3,0,0
0.7107107107107107,1,0.7111111111111111,0.07636363636363637,1.0,Elderly,Low Income,0,1,1,2
0.005005005005005005,0,0.4,0.2218181818181818,0.0,Middle-aged,Low Income,1,1,1,6
0.7877877877877878,0,0.9111111111111111,0.19636363636363635,0.0,Elderly,Low Income,0,1,1,2
0.6426426426426427,0,0.8666666666666666,0.13090909090909092,1.0,Elderly,Low Income,0,1,1,2
0.30930930930930933,1,0.688888888888889,0.14181818181818184,1.0,Elderly,Low Income,0,1,1,2
0.5295295295295296,1,0.19999999999999996,0.11999999999999998,0.0,Young,Low Income,3,1,2,4
0.3173173173173173,1,0.688888888888889,0.2,1.0,Elderly,Low Income,0,1,1,2
0.8588588588588588,0,0.2666666666666667,0.5054545454545454,0.0,Young,Medium-High Income,3,2,2,4
0.3353353353353353,1,0.4444444444444444,0.27999999999999997,0.0,Middle-aged,Medium-Low Income,1,3,0,0
0.7087087087087087,0,0.5111111111111111,0.32727272727272727,0.0,Senior,Medium-Low Income,2,3,0,5
0.2772772772772773,0,0.5555555555555556,0.5563636363636363,1.0,Senior,Medium-High Income,2,2,2,6
0.41241241241241244,0,0.7777777777777778,0.549090909090909,1.0,Elderly,Medium-High Income,0,2,1,7
0.7487487487487487,1,0.37777777777777777,0.2909090909090909,0.0,Middle-aged,Medium-Low Income,1,3,0,0
0.5935935935935936,1,0.7111111111111111,0.2218181818181818,0.0,Elderly,Low Income,0,1,1,2
0.3653653653653654,1,0.6,0.3018181818181818,0.0,Senior,Medium-Low Income,2,3,0,5
0.20020020020020018,0,0.3555555555555555,0.3381818181818182,0.0,Middle-aged,Medium-Low Income,1,3,0,0
0.5245245245245246,0,0.5333333333333333,0.41818181818181815,0.0,Senior,Medium-Low Income,2,3,0,5
0.6656656656656657,0,0.0222222222222222,0.2218181818181818,0.0,Young,Low Income,3,1,2,4
0.028028028028028028,1,0.4,0.18545454545454548,0.0,Middle-aged,Low Income,1,1,1,6
0.6646646646646647,1,0.6666666666666666,0.4836363636363636,0.0,Elderly,Medium-Low Income,0,3,0,7
0.44344344344344344,0,0.1777777777777778,0.5018181818181817,0.0,Young,Medium-High Income,3,2,2,4
0.056056056056056056,1,0.1777777777777778,0.5345454545454544,0.0,Young,Medium-High Income,3,2,2,4
0.7457457457457458,0,0.4,0.28363636363636363,0.0,Middle-aged,Medium-Low Income,1,3,0,0
0.8338338338338338,0,0.5333333333333333,0.4727272727272727,1.0,Senior,Medium-Low Income,2,3,0,5
0.994994994994995,1,0.5111111111111111,0.31636363636363635,0.0,Senior,Medium-Low Income,2,3,0,5
0.01001001001001001,1,0.48888888888888893,0.3054545454545454,0.0,Senior,Medium-Low Income,2,3,0,5
0.6526526526526527,0,0.37777777777777777,0.32727272727272727,0.0,Middle-aged,Medium-Low Income,1,3,0,0
0.35735735735735735,1,0.4666666666666667,0.629090909090909,1.0,Middle-aged,Medium-High Income,1,2,1,6
0.07807807807807807,1,0.37777777777777777,0.5527272727272726,1.0,Middle-aged,Medium-High Income,1,2,1,6
0.6706706706706707,0,0.5333333333333333,0.44,0.0,Senior,Medium-Low Income,2,3,0,5
0.8718718718718719,0,0.5333333333333333,0.4254545454545455,0.0,Senior,Medium-Low Income,2,3,0,5
0.6716716716716716,1,0.4444444444444444,0.33454545454545453,0.0,Middle-aged,Medium-Low Income,1,3,0,0
0.007007007007007007,0,0.7999999999999999,0.08,1.0,Elderly,Low Income,0,1,1,2
0.12812812812812813,1,0.6444444444444445,0.6545454545454544,1.0,Senior,Medium-High Income,2,2,2,6
0.32732732732732733,1,0.4222222222222223,0.45090909090909087,0.0,Middle-aged,Medium-Low Income,1,3,0,0
0.16016016016016016,1,0.5333333333333333,0.27999999999999997,0.0,Senior,Medium-Low Income,2,3,0,5
0.3673673673673674,1,0.4,0.5418181818181818,0.0,Middle-aged,Medium-High Income,1,2,0,6
0.49849849849849853,0,0.37777777777777777,0.05818181818181818,0.0,Middle-aged,Low Income,1,1,1,6
0.3073073073073073,1,0.37777777777777777,0.2545454545454545,0.0,Middle-aged,Medium-Low Income,1,3,0,0
0.7707707707707708,1,0.2222222222222222,0.5418181818181818,0.0,Young,Medium-High Income,3,2,2,4
0.17917917917917917,1,0.19999999999999996,0.13454545454545452,0.0,Young,Low Income,3,1,2,4
0.043043043043043044,1,0.688888888888889,0.9272727272727272,0.0,Elderly,High Income,0,0,1,8
0.2642642642642643,0,0.5333333333333333,0.3381818181818182,0.0,Senior,Medium-Low Income,2,3,0,5
0.8548548548548549,1,0.5111111111111111,0.4254545454545455,0.0,Senior,Medium-Low Income,2,3,0,5
0.36236236236236236,0,0.7333333333333333,0.12727272727272726,1.0,Elderly,Low Income,0,1,1,2
0.8398398398398399,1,0.4,0.2690909090909091,0.0,Middle-aged,Medium-Low Income,1,3,0,0
0.998998998998999,1,0.9333333333333335,0.8472727272727272,1.0,Elderly,High Income,0,0,1,8
0.016016016016016016,1,0.48888888888888893,0.3054545454545454,0.0,Senior,Medium-Low Income,2,3,0,5
0.13213213213213212,0,0.4666666666666667,0.36727272727272725,0.0,Middle-aged,Medium-Low Income,1,3,0,0
0.954954954954955,1,0.33333333333333337,0.629090909090909,1.0,Middle-aged,Medium-High Income,1,2,1,6
0.893893893893894,1,0.6222222222222223,0.7418181818181817,1.0,Senior,Medium-High Income,2,2,2,6
0.5025025025025025,1,0.37777777777777777,0.4218181818181818,0.0,Middle-aged,Medium-Low Income,1,3,0,0
0.8688688688688689,1,0.9333333333333335,0.6327272727272727,1.0,Elderly,Medium-High Income,0,2,1,7
0.04704704704704705,0,0.3111111111111111,0.8727272727272727,1.0,Middle-aged,High Income,1,0,1,1
0.6166166166166166,1,0.0222222222222222,0.44363636363636366,0.0,Young,Medium-Low Income,3,3,0,3
0.8738738738738739,0,0.4666666666666667,0.8254545454545453,1.0,Middle-aged,High Income,1,0,1,1
0.5775775775775776,0,0.4444444444444444,0.34545454545454546,0.0,Middle-aged,Medium-Low Income,1,3,0,0
0.31131131131131135,0,0.8222222222222223,0.061818181818181814,1.0,Elderly,Low Income,0,1,1,2
0.1091091091091091,1,0.37777777777777777,0.7163636363636363,1.0,Middle-aged,Medium-High Income,1,2,1,6
0.012012012012012012,1,0.24444444444444446,0.4727272727272727,0.0,Young,Medium-Low Income,3,3,0,3
0.7337337337337337,0,0.6444444444444445,0.7127272727272727,1.0,Senior,Medium-High Income,2,2,2,6
0.6696696696696697,1,0.5111111111111111,0.4145454545454545,0.0,Senior,Medium-Low Income,2,3,0,5
0.6026026026026026,0,0.5555555555555556,0.34545454545454546,0.0,Senior,Medium-Low Income,2,3,0,5
0.1881881881881882,1,0.5777777777777778,0.2872727272727273,0.0,Senior,Medium-Low Income,2,3,0,5
0.5585585585585586,1,0.2666666666666667,0.4472727272727272,0.0,Young,Medium-Low Income,3,3,0,3
0.22522522522522523,0,0.7111111111111111,0.9563636363636363,1.0,Elderly,High Income,0,0,1,8
0.8368368368368369,0,0.7555555555555556,0.7199999999999999,0.0,Elderly,Medium-High Income,0,2,1,7
0.3453453453453454,0,0.2222222222222222,0.31636363636363635,0.0,Young,Medium-Low Income,3,3,0,3
0.7327327327327328,0,0.4,0.8072727272727271,1.0,Middle-aged,High Income,1,0,1,1
0.3053053053053053,1,0.4222222222222223,0.2690909090909091,0.0,Middle-aged,Medium-Low Income,1,3,0,0
0.44744744744744747,1,0.9111111111111111,0.8763636363636362,1.0,Elderly,High Income,0,0,1,8
0.5845845845845846,1,0.5111111111111111,0.31636363636363635,0.0,Senior,Medium-Low Income,2,3,0,5
0.7257257257257257,1,0.11111111111111116,0.03636363636363636,0.0,Young,Low Income,3,1,2,4
0.3903903903903904,1,0.15555555555555556,0.3236363636363636,0.0,Young,Medium-Low Income,3,3,0,3
0.055055055055055056,0,0.4222222222222223,0.4727272727272727,0.0,Middle-aged,Medium-Low Income,1,3,0,0
0.2852852852852853,1,0.4666666666666667,0.7781818181818181,1.0,Middle-aged,High Income,1,0,1,1
0.4814814814814815,0,0.9333333333333335,0.11272727272727272,1.0,Elderly,Low Income,0,1,1,2
0.5945945945945946,0,0.48888888888888893,0.9236363636363636,1.0,Senior,High Income,2,0,2,1
0.09909909909909909,1,0.6444444444444445,0.06909090909090908,1.0,Senior,Low Income,2,1,2,6
0.8068068068068068,1,0.4,0.4327272727272727,0.0,Middle-aged,Medium-Low Income,1,3,0,0
0.1101101101101101,1,0.4444444444444444,0.19272727272727275,0.0,Middle-aged,Low Income,1,1,1,6
0.938938938938939,0,0.8222222222222223,0.0909090909090909,1.0,Elderly,Low Income,0,1,1,2
0.21421421421421422,0,0.9333333333333335,0.09818181818181816,1.0,Elderly,Low Income,0,1,1,2
0.44844844844844844,1,0.3555555555555555,0.7272727272727272,0.0,Middle-aged,Medium-High Income,1,2,0,6
0.05405405405405406,1,0.19999999999999996,0.5272727272727272,0.0,Young,Medium-High Income,3,2,2,4
0.2872872872872873,0,0.33333333333333337,0.7527272727272727,0.0,Middle-aged,High Income,1,0,1,1
0.8168168168168168,0,0.2222222222222222,0.6,1.0,Young,Medium-High Income,3,2,2,4
0.5425425425425425,0,0.24444444444444446,0.49454545454545457,0.0,Young,Medium-Low Income,3,3,0,3
0.7517517517517518,0,0.33333333333333337,0.26181818181818184,0.0,Middle-aged,Medium-Low Income,1,3,0,0
0.5155155155155156,0,0.7777777777777778,0.7309090909090908,0.0,Elderly,Medium-High Income,0,2,1,7
0.8558558558558559,1,0.4444444444444444,0.4472727272727272,0.0,Middle-aged,Medium-Low Income,1,3,0,0
0.04904904904904905,1,0.4222222222222223,0.27636363636363637,0.0,Middle-aged,Medium-Low Income,1,3,0,0
0.6266266266266266,1,0.2666666666666667,0.4836363636363636,0.0,Young,Medium-Low Income,3,3,0,3
0.6566566566566566,1,0.4444444444444444,0.949090909090909,1.0,Middle-aged,High Income,1,0,1,1
0.003003003003003003,0,0.6666666666666666,0.7563636363636362,1.0,Elderly,High Income,0,0,1,8
0.43243243243243246,0,0.33333333333333337,0.7127272727272727,0.0,Middle-aged,Medium-High Income,1,2,0,6
0.23723723723723722,0,0.7111111111111111,0.9272727272727272,1.0,Elderly,High Income,0,0,1,8
0.93993993993994,1,0.6,0.4654545454545454,0.0,Senior,Medium-Low Income,2,3,0,5
0.1921921921921922,1,0.7333333333333333,0.1490909090909091,1.0,Elderly,Low Income,0,1,1,2
0.07907907907907907,0,0.37777777777777777,0.4145454545454545,0.0,Middle-aged,Medium-Low Income,1,3,0,0
0.987987987987988,1,0.5111111111111111,0.4654545454545454,0.0,Senior,Medium-Low Income,2,3,0,5
0.7837837837837838,0,0.7777777777777778,0.9309090909090909,1.0,Elderly,High Income,0,0,1,8
0.4744744744744745,0,0.8222222222222223,0.6872727272727271,1.0,Elderly,Medium-High Income,0,2,1,7
0.23923923923923923,0,0.6222222222222223,0.48727272727272725,0.0,Senior,Medium-Low Income,2,3,0,5
0.968968968968969,0,0.15555555555555556,0.3018181818181818,0.0,Young,Medium-Low Income,3,3,0,3
0.5795795795795796,1,0.0,0.2690909090909091,0.0,Young,Medium-Low Income,3,3,0,3
0.944944944944945,1,0.888888888888889,0.938181818181818,1.0,Elderly,High Income,0,0,1,8
0.07307307307307306,0,0.24444444444444446,0.33090909090909093,0.0,Young,Medium-Low Income,3,3,0,3
0.4854854854854855,0,0.7111111111111111,0.03636363636363636,1.0,Elderly,Low Income,0,1,1,2
0.9369369369369369,0,0.4,0.31636363636363635,0.0,Middle-aged,Medium-Low Income,1,3,0,0
0.4214214214214214,1,0.9111111111111111,0.34545454545454546,1.0,Elderly,Medium-Low Income,0,3,0,7
0.3583583583583584,0,0.6666666666666666,0.2363636363636364,1.0,Elderly,Low Income,0,1,1,2
0.44544544544544545,0,0.7111111111111111,0.16363636363636364,1.0,Elderly,Low Income,0,1,1,2
0.23023023023023023,0,0.19999999999999996,0.5127272727272727,0.0,Young,Medium-High Income,3,2,2,4
0.6876876876876877,1,0.19999999999999996,0.01090909090909091,0.0,Young,Low Income,3,1,2,4
0.36936936936936937,0,0.1333333333333333,0.2509090909090909,0.0,Young,Medium-Low Income,3,3,0,3
0.6986986986986987,0,0.5333333333333333,0.45454545454545453,1.0,Senior,Medium-Low Income,2,3,0,5
0.12112112112112111,1,0.37777777777777777,0.21454545454545454,0.0,Middle-aged,Low Income,1,1,1,6
0.18218218218218218,0,0.5777777777777778,0.34545454545454546,0.0,Senior,Medium-Low Income,2,3,0,5
0.4834834834834835,1,0.4222222222222223,0.8109090909090908,1.0,Middle-aged,High Income,1,0,1,1
0.43043043043043044,1,1.0,0.21454545454545454,1.0,,Low Income,4,1,2,4
0.6966966966966968,1,0.5111111111111111,0.41818181818181815,1.0,Senior,Medium-Low Income,2,3,0,5
0.6776776776776777,1,0.6444444444444445,0.03636363636363636,1.0,Senior,Low Income,2,1,2,6
0.898898898898899,1,0.19999999999999996,0.5309090909090909,0.0,Young,Medium-High Income,3,2,2,4
0.02702702702702703,0,0.8444444444444444,0.6472727272727272,1.0,Elderly,Medium-High Income,0,2,1,7
0.3123123123123123,1,0.4444444444444444,0.45454545454545453,0.0,Middle-aged,Medium-Low Income,1,3,0,0
0.2502502502502503,0,0.28888888888888886,0.38545454545454544,0.0,Young,Medium-Low Income,3,3,0,3
0.09209209209209208,1,0.7111111111111111,0.5272727272727272,1.0,Elderly,Medium-High Income,0,2,1,7
0.12412412412412413,1,0.7555555555555556,0.11272727272727272,1.0,Elderly,Low Income,0,1,1,2
0.8108108108108109,0,0.688888888888889,0.6,1.0,Elderly,Medium-High Income,0,2,1,7
0.9229229229229229,0,0.4444444444444444,0.4327272727272727,0.0,Middle-aged,Medium-Low Income,1,3,0,0
0.35135135135135137,0,0.1333333333333333,0.2909090909090909,0.0,Young,Medium-Low Income,3,3,0,3
0.6346346346346347,1,0.5333333333333333,0.7963636363636363,1.0,Senior,High Income,2,0,2,1
0.5185185185185185,0,0.6222222222222223,0.12363636363636364,1.0,Senior,Low Income,2,1,2,6
0.5505505505505506,0,0.5111111111111111,0.2727272727272727,0.0,Senior,Medium-Low Income,2,3,0,5
0.3733733733733734,1,0.9333333333333335,0.34545454545454546,1.0,Elderly,Medium-Low Income,0,3,0,7
0.46046046046046046,0,0.48888888888888893,0.3236363636363636,0.0,Senior,Medium-Low Income,2,3,0,5
0.7137137137137137,0,0.0888888888888889,0.018181818181818174,0.0,Young,Low Income,3,1,2,4
0.7757757757757758,0,0.48888888888888893,0.5854545454545453,1.0,Senior,Medium-High Income,2,2,2,6
0.2942942942942943,1,0.48888888888888893,0.29454545454545455,0.0,Senior,Medium-Low Income,2,3,0,5
0.2752752752752753,0,0.8222222222222223,0.738181818181818,0.0,Elderly,Medium-High Income,0,2,1,7
0.6016016016016016,0,0.2222222222222222,0.025454545454545466,0.0,Young,Low Income,3,1,2,4
0.8248248248248249,0,0.19999999999999996,0.7599999999999999,0.0,Young,High Income,3,0,2,4
0.7047047047047047,1,0.5555555555555556,0.36727272727272725,0.0,Senior,Medium-Low Income,2,3,0,5
0.3633633633633634,0,0.5111111111111111,0.4472727272727272,0.0,Senior,Medium-Low Income,2,3,0,5
0.5275275275275275,0,0.4222222222222223,0.36,0.0,Middle-aged,Medium-Low Income,1,3,0,0
0.10210210210210209,1,0.4666666666666667,0.8654545454545454,1.0,Middle-aged,High Income,1,0,1,1
0.05905905905905906,1,0.6666666666666666,0.9163636363636363,0.0,Elderly,High Income,0,0,1,8
0.4794794794794795,1,0.4222222222222223,0.7599999999999999,1.0,Middle-aged,High Income,1,0,1,1
0.07207207207207207,1,0.9333333333333335,0.4472727272727272,1.0,Elderly,Medium-Low Income,0,3,0,7
0.3003003003003003,1,0.4222222222222223,0.27999999999999997,0.0,Middle-aged,Medium-Low Income,1,3,0,0
0.8388388388388388,0,0.4444444444444444,0.46909090909090906,1.0,Middle-aged,Medium-Low Income,1,3,0,0
0.3993993993993994,1,0.2666666666666667,0.0,0.0,Young,Low Income,3,1,2,4
0.33933933933933935,0,0.7777777777777778,0.05454545454545455,1.0,Elderly,Low Income,0,1,1,2
0.6906906906906907,0,0.888888888888889,0.0909090909090909,1.0,Elderly,Low Income,0,1,1,2
0.24624624624624625,0,0.5555555555555556,0.9418181818181817,1.0,Senior,High Income,2,0,2,1
0.06306306306306306,0,0.48888888888888893,0.4763636363636364,1.0,Senior,Medium-Low Income,2,3,0,5
0.023023023023023025,0,0.4222222222222223,0.5672727272727272,1.0,Middle-aged,Medium-High Income,1,2,1,6
0.8418418418418419,1,0.2666666666666667,0.4727272727272727,0.0,Young,Medium-Low Income,3,3,0,3
0.4964964964964965,0,0.6,0.41818181818181815,0.0,Senior,Medium-Low Income,2,3,0,5
0.8308308308308309,0,0.6,0.05090909090909092,1.0,Senior,Low Income,2,1,2,6
0.43543543543543545,0,0.11111111111111116,0.24,0.0,Young,Low Income,3,1,2,4
0.06606606606606606,0,0.4444444444444444,0.2545454545454545,0.0,Middle-aged,Medium-Low Income,1,3,0,0
0.7367367367367368,1,0.1777777777777778,0.061818181818181814,0.0,Young,Low Income,3,1,2,4
0.982982982982983,0,0.33333333333333337,0.5272727272727272,0.0,Middle-aged,Medium-High Income,1,2,0,6
0.2172172172172172,0,0.19999999999999996,0.28363636363636363,0.0,Young,Medium-Low Income,3,3,0,3
0.16516516516516516,1,0.5555555555555556,0.38181818181818183,0.0,Senior,Medium-Low Income,2,3,0,5
0.45345345345345345,1,0.9111111111111111,0.8363636363636363,1.0,Elderly,High Income,0,0,1,8
0.4364364364364365,1,0.5333333333333333,0.27999999999999997,0.0,Senior,Medium-Low Income,2,3,0,5
0.7317317317317318,0,0.28888888888888886,0.749090909090909,1.0,Young,Medium-High Income,3,2,2,4
0.2802802802802803,1,0.4666666666666667,0.41818181818181815,0.0,Middle-aged,Medium-Low Income,1,3,0,0
0.8268268268268268,1,0.28888888888888886,0.3709090909090909,0.0,Young,Medium-Low Income,3,3,0,3
0.5885885885885886,1,0.37777777777777777,0.1672727272727273,0.0,Middle-aged,Low Income,1,1,1,6
0.7227227227227228,0,0.9333333333333335,0.5054545454545454,0.0,Elderly,Medium-High Income,0,2,1,7
0.908908908908909,1,0.4444444444444444,0.3018181818181818,0.0,Middle-aged,Medium-Low Income,1,3,0,0
0.5435435435435435,1,0.9555555555555556,0.9563636363636363,1.0,Elderly,High Income,0,0,1,8
0.9919919919919921,1,0.1777777777777778,0.14181818181818184,0.0,Young,Low Income,3,1,2,4
0.6376376376376377,1,0.4666666666666667,0.8181818181818181,1.0,Middle-aged,High Income,1,0,1,1
0.8118118118118118,1,0.4,0.09818181818181816,0.0,Middle-aged,Low Income,1,1,1,6
0.40240240240240244,1,0.6,0.38181818181818183,0.0,Senior,Medium-Low Income,2,3,0,5
0.6556556556556556,0,0.6666666666666666,0.14545454545454545,1.0,Elderly,Low Income,0,1,1,2
0.24924924924924927,1,0.5111111111111111,0.3527272727272727,0.0,Senior,Medium-Low Income,2,3,0,5
0.5635635635635636,1,0.06666666666666665,0.5272727272727272,0.0,Young,Medium-High Income,3,2,2,4
0.5975975975975976,0,0.5333333333333333,0.5454545454545454,1.0,Senior,Medium-High Income,2,2,2,6
0.061061061061061066,1,0.15555555555555556,0.039999999999999994,0.0,Young,Low Income,3,1,2,4
0.03903903903903904,1,0.1777777777777778,0.5163636363636362,0.0,Young,Medium-High Income,3,2,2,4
0.7667667667667668,1,0.4222222222222223,0.4145454545454545,0.0,Middle-aged,Medium-Low Income,1,3,0,0
0.2012012012012012,0,0.48888888888888893,0.41818181818181815,0.0,Senior,Medium-Low Income,2,3,0,5
0.5905905905905906,0,0.9333333333333335,0.6763636363636363,1.0,Elderly,Medium-High Income,0,2,1,7
0.2062062062062062,1,0.0222222222222222,0.27999999999999997,0.0,Young,Medium-Low Income,3,3,0,3
0.6956956956956957,0,0.7999999999999999,0.4981818181818181,1.0,Elderly,Medium-Low Income,0,3,0,7
0.983983983983984,1,0.4,0.33090909090909093,0.0,Middle-aged,Medium-Low Income,1,3,0,0
0.5855855855855856,0,0.5111111111111111,0.38181818181818183,0.0,Senior,Medium-Low Income,2,3,0,5
0.6256256256256256,0,0.4222222222222223,0.13090909090909092,0.0,Middle-aged,Low Income,1,1,1,6
0.7237237237237237,1,0.7999999999999999,0.4254545454545455,1.0,Elderly,Medium-Low Income,0,3,0,7
0.3533533533533534,1,0.5111111111111111,0.27999999999999997,0.0,Senior,Medium-Low Income,2,3,0,5
0.883883883883884,1,0.8444444444444444,0.32727272727272727,1.0,Elderly,Medium-Low Income,0,3,0,7
0.7577577577577578,1,0.5555555555555556,0.9854545454545454,1.0,Senior,High Income,2,0,2,1
0.5445445445445446,1,0.688888888888889,0.7599999999999999,1.0,Elderly,High Income,0,0,1,8
0.9079079079079079,0,0.4666666666666667,0.33454545454545453,0.0,Middle-aged,Medium-Low Income,1,3,0,0
0.24724724724724725,0,0.11111111111111116,0.48727272727272725,0.0,Young,Medium-Low Income,3,3,0,3
0.35435435435435436,0,0.28888888888888886,0.3527272727272727,0.0,Young,Medium-Low Income,3,3,0,3
0.2882882882882883,1,0.37777777777777777,0.43636363636363634,0.0,Middle-aged,Medium-Low Income,1,3,0,0
0.8038038038038038,0,0.6666666666666666,0.949090909090909,1.0,Elderly,High Income,0,0,1,8
0.6176176176176177,1,0.4666666666666667,0.45090909090909087,0.0,Middle-aged,Medium-Low Income,1,3,0,0
0.9159159159159159,0,0.5333333333333333,0.4254545454545455,0.0,Senior,Medium-Low Income,2,3,0,5
0.29129129129129133,0,0.33333333333333337,0.7527272727272727,1.0,Middle-aged,High Income,1,0,1,1
0.4874874874874875,0,0.6444444444444445,0.24727272727272726,1.0,Senior,Low Income,2,1,2,6
0.05105105105105105,1,0.48888888888888893,0.4072727272727273,1.0,Senior,Medium-Low Income,2,3,0,5
0.8148148148148149,0,0.11111111111111116,0.09818181818181816,0.0,Young,Low Income,3,1,2,4
0.4724724724724725,1,0.5111111111111111,0.31636363636363635,0.0,Senior,Medium-Low Income,2,3,0,5
0.33633633633633636,0,0.37777777777777777,0.23272727272727273,0.0,Middle-aged,Low Income,1,1,1,6
0.6386386386386387,0,0.48888888888888893,0.9709090909090907,1.0,Senior,High Income,2,0,2,1
0.9319319319319319,1,0.4,0.4472727272727272,0.0,Middle-aged,Medium-Low Income,1,3,0,0
0.2732732732732733,1,0.6222222222222223,0.061818181818181814,1.0,Senior,Low Income,2,1,2,6
0.45045045045045046,1,0.28888888888888886,0.6799999999999999,1.0,Young,Medium-High Income,3,2,2,4
0.06206206206206206,0,0.8222222222222223,0.9127272727272726,1.0,Elderly,High Income,0,0,1,8
0.2902902902902903,0,0.7555555555555556,0.19272727272727275,1.0,Elderly,Low Income,0,1,1,2
0.15415415415415415,1,0.48888888888888893,0.23272727272727273,0.0,Senior,Low Income,2,1,2,6
0.7507507507507508,1,0.6,0.6654545454545454,1.0,Senior,Medium-High Income,2,2,2,6
0.8598598598598599,1,0.4,0.32727272727272727,0.0,Middle-aged,Medium-Low Income,1,3,0,0
0.7887887887887888,1,0.5333333333333333,0.4254545454545455,0.0,Senior,Medium-Low Income,2,3,0,5
0.3023023023023023,1,0.7555555555555556,0.5563636363636363,1.0,Elderly,Medium-High Income,0,2,1,7
0.2312312312312312,1,0.4,0.749090909090909,1.0,Middle-aged,Medium-High Income,1,2,1,6
0.18018018018018017,0,0.6444444444444445,0.10909090909090909,1.0,Senior,Low Income,2,1,2,6
0.5595595595595596,1,0.5555555555555556,0.3745454545454545,0.0,Senior,Medium-Low Income,2,3,0,5
0.34234234234234234,0,0.888888888888889,0.789090909090909,1.0,Elderly,High Income,0,0,1,8
0.5005005005005005,0,0.8666666666666666,0.7781818181818181,1.0,Elderly,High Income,0,0,1,8
0.46346346346346345,0,0.688888888888889,0.11999999999999998,1.0,Elderly,Low Income,0,1,1,2
0.31831831831831836,1,0.688888888888889,0.44,1.0,Elderly,Medium-Low Income,0,3,0,7
0.9519519519519519,1,0.4222222222222223,0.949090909090909,1.0,Middle-aged,High Income,1,0,1,1
0.3553553553553554,0,0.5333333333333333,0.36,0.0,Senior,Medium-Low Income,2,3,0,5
0.7787787787787788,1,0.6,0.05090909090909092,1.0,Senior,Low Income,2,1,2,6
0.013013013013013013,1,0.6444444444444445,0.33090909090909093,0.0,Senior,Medium-Low Income,2,3,0,5
0.19119119119119118,1,0.4666666666666667,0.1490909090909091,0.0,Middle-aged,Low Income,1,1,1,6
0.5805805805805806,0,0.37777777777777777,0.08363636363636363,0.0,Middle-aged,Low Income,1,1,1,6
0.49349349349349353,0,0.0888888888888889,0.3963636363636363,0.0,Young,Medium-Low Income,3,3,0,3
0.980980980980981,1,0.4222222222222223,0.14181818181818184,0.0,Middle-aged,Low Income,1,1,1,6
0.4114114114114114,0,0.9555555555555556,0.6,1.0,Elderly,Medium-High Income,0,2,1,7
0.5045045045045046,0,0.33333333333333337,0.32727272727272727,0.0,Middle-aged,Medium-Low Income,1,3,0,0
0.015015015015015015,1,0.8222222222222223,1.0,1.0,Elderly,High Income,0,0,1,8
0.5075075075075075,1,0.4,0.2872727272727273,0.0,Middle-aged,Medium-Low Income,1,3,0,0
0.2102102102102102,1,0.4666666666666667,0.34545454545454546,0.0,Middle-aged,Medium-Low Income,1,3,0,0
0.8178178178178178,1,0.6666666666666666,0.1490909090909091,1.0,Elderly,Low Income,0,1,1,2
0.8228228228228228,0,0.3111111111111111,0.7418181818181817,1.0,Middle-aged,Medium-High Income,1,2,1,6
0.1051051051051051,1,0.33333333333333337,0.03272727272727273,0.0,Middle-aged,Low Income,1,1,1,6
0.8998998998998999,0,0.06666666666666665,0.4981818181818181,0.0,Young,Medium-Low Income,3,3,0,3
0.5605605605605606,1,0.4666666666666667,0.41818181818181815,0.0,Middle-aged,Medium-Low Income,1,3,0,0
0.7967967967967968,0,0.5111111111111111,0.4145454545454545,0.0,Senior,Medium-Low Income,2,3,0,5
0.988988988988989,0,0.1333333333333333,0.08727272727272727,0.0,Young,Low Income,3,1,2,4
0.5575575575575575,0,0.7333333333333333,0.9127272727272726,1.0,Elderly,High Income,0,0,1,8
0.44044044044044045,1,0.4444444444444444,0.4072727272727273,0.0,Middle-aged,Medium-Low Income,1,3,0,0
0.962962962962963,0,0.7555555555555556,0.043636363636363626,1.0,Elderly,Low Income,0,1,1,2
0.4564564564564565,1,0.3555555555555555,0.20363636363636362,0.0,Middle-aged,Low Income,1,1,1,6
0.8018018018018018,1,0.6666666666666666,0.6654545454545454,1.0,Elderly,Medium-High Income,0,2,1,7
0.4694694694694695,0,0.24444444444444446,0.09454545454545453,0.0,Young,Low Income,3,1,2,4
0.7067067067067068,0,0.9111111111111111,0.6363636363636362,1.0,Elderly,Medium-High Income,0,2,1,7
0.7117117117117118,0,0.24444444444444446,0.23272727272727273,0.0,Young,Low Income,3,1,2,4
0.2822822822822823,0,0.7111111111111111,0.2509090909090909,0.0,Elderly,Medium-Low Income,0,3,0,7
0.2792792792792793,1,0.4444444444444444,0.44,0.0,Middle-aged,Medium-Low Income,1,3,0,0
0.3873873873873874,0,0.4,0.3381818181818182,0.0,Middle-aged,Medium-Low Income,1,3,0,0
0.7807807807807808,0,0.2222222222222222,0.32,0.0,Young,Medium-Low Income,3,3,0,3
0.6076076076076077,1,0.5555555555555556,0.3236363636363636,0.0,Senior,Medium-Low Income,2,3,0,5
0.7657657657657658,1,0.8666666666666666,0.42909090909090913,1.0,Elderly,Medium-Low Income,0,3,0,7
0.17617617617617617,1,0.4,0.6872727272727271,0.0,Middle-aged,Medium-High Income,1,2,0,6
0.4034034034034034,0,0.688888888888889,0.9054545454545453,1.0,Elderly,High Income,0,0,1,8
0.967967967967968,0,0.3555555555555555,0.2727272727272727,0.0,Middle-aged,Medium-Low Income,1,3,0,0
0.2112112112112112,0,0.6444444444444445,0.9199999999999999,1.0,Senior,High Income,2,0,2,1
0.5385385385385385,0,0.37777777777777777,0.36363636363636365,0.0,Middle-aged,Medium-Low Income,1,3,0,0
0.8858858858858859,1,0.7111111111111111,0.6727272727272726,1.0,Elderly,Medium-High Income,0,2,1,7
0.7477477477477478,0,0.5111111111111111,0.4254545454545455,0.0,Senior,Medium-Low Income,2,3,0,5
0.7347347347347347,1,0.7111111111111111,0.549090909090909,1.0,Elderly,Medium-High Income,0,2,1,7
0.17217217217217218,0,0.8444444444444444,0.949090909090909,1.0,Elderly,High Income,0,0,1,8
0.5915915915915916,0,0.37777777777777777,0.3054545454545454,0.0,Middle-aged,Medium-Low Income,1,3,0,0
0.2542542542542543,1,0.48888888888888893,0.4581818181818182,0.0,Senior,Medium-Low Income,2,3,0,5
0.8238238238238238,0,0.688888888888889,0.14181818181818184,1.0,Elderly,Low Income,0,1,1,2
0.6306306306306306,1,0.15555555555555556,0.5454545454545454,0.0,Young,Medium-High Income,3,2,2,4
0.1961961961961962,1,0.4,0.13090909090909092,0.0,Middle-aged,Low Income,1,1,1,6
0.40440440440440445,0,0.6666666666666666,0.8945454545454545,1.0,Elderly,High Income,0,0,1,8
0.7977977977977978,1,0.5333333333333333,0.28363636363636363,0.0,Senior,Medium-Low Income,2,3,0,5
0.18418418418418417,1,0.7333333333333333,0.4472727272727272,1.0,Elderly,Medium-Low Income,0,3,0,7
0.4914914914914915,1,0.688888888888889,0.36363636363636365,0.0,Elderly,Medium-Low Income,0,3,0,7
0.7307307307307307,1,0.6222222222222223,0.4763636363636364,0.0,Senior,Medium-Low Income,2,3,0,5
0.97997997997998,1,0.19999999999999996,0.03636363636363636,0.0,Young,Low Income,3,1,2,4
0.6596596596596597,1,0.4666666666666667,0.2727272727272727,0.0,Middle-aged,Medium-Low Income,1,3,0,0
0.4784784784784785,0,0.37777777777777777,0.5963636363636363,1.0,Middle-aged,Medium-High Income,1,2,1,6
0.6796796796796797,1,0.6444444444444445,0.13818181818181818,1.0,Senior,Low Income,2,1,2,6
0.8298298298298299,0,0.7555555555555556,0.1672727272727273,1.0,Elderly,Low Income,0,1,1,2
0.14914914914914915,0,0.688888888888889,0.11272727272727272,1.0,Elderly,Low Income,0,1,1,2
0.7597597597597597,0,0.4,0.08363636363636363,0.0,Middle-aged,Low Income,1,1,1,6
0.8568568568568569,1,0.1777777777777778,0.4763636363636364,0.0,Young,Medium-Low Income,3,3,0,3
0.9269269269269269,0,0.4444444444444444,0.14181818181818184,0.0,Middle-aged,Low Income,1,1,1,6
0.15315315315315314,0,0.6666666666666666,0.2581818181818182,1.0,Elderly,Medium-Low Income,0,3,0,7
0.0,1,0.3111111111111111,0.618181818181818,1.0,Middle-aged,Medium-High Income,1,2,1,6
0.932932932932933,0,0.48888888888888893,0.43636363636363634,0.0,Senior,Medium-Low Income,2,3,0,5
0.42342342342342343,0,0.5333333333333333,0.4836363636363636,0.0,Senior,Medium-Low Income,2,3,0,5
0.8138138138138138,1,0.5111111111111111,0.34545454545454546,0.0,Senior,Medium-Low Income,2,3,0,5
0.1831831831831832,0,0.1333333333333333,0.4981818181818181,0.0,Young,Medium-Low Income,3,3,0,3
0.9619619619619619,1,0.7555555555555556,0.9818181818181817,1.0,Elderly,High Income,0,0,1,8
0.6106106106106106,0,0.6666666666666666,0.8618181818181817,1.0,Elderly,High Income,0,0,1,8
0.1131131131131131,1,0.5111111111111111,0.2690909090909091,0.0,Senior,Medium-Low Income,2,3,0,5
0.03803803803803804,1,0.0222222222222222,0.4981818181818181,0.0,Young,Medium-Low Income,3,3,0,3
0.7207207207207207,1,0.24444444444444446,0.9672727272727273,1.0,Young,High Income,3,0,2,1
0.6416416416416416,0,0.888888888888889,0.6254545454545454,1.0,Elderly,Medium-High Income,0,2,1,7
0.8438438438438438,0,0.4,0.24363636363636365,0.0,Middle-aged,Low Income,1,1,1,6
0.43943943943943947,1,1.0,0.5127272727272727,1.0,,Medium-High Income,4,2,2,4
0.5765765765765766,0,0.37777777777777777,0.21090909090909093,0.0,Middle-aged,Low Income,1,1,1,6
0.7567567567567568,1,0.0888888888888889,0.48000000000000004,0.0,Young,Medium-Low Income,3,3,0,3
0.06406406406406406,0,0.1333333333333333,0.12363636363636364,0.0,Young,Low Income,3,1,2,4
0.12312312312312312,0,0.4666666666666667,0.4072727272727273,0.0,Middle-aged,Medium-Low Income,1,3,0,0
0.7937937937937938,0,0.28888888888888886,0.0,0.0,Young,Low Income,3,1,2,4
0.997997997997998,0,0.9333333333333335,0.45454545454545453,1.0,Elderly,Medium-Low Income,0,3,0,7
0.28628628628628633,1,0.3111111111111111,0.3236363636363636,0.0,Middle-aged,Medium-Low Income,1,3,0,0
0.08108108108108107,0,0.6222222222222223,0.061818181818181814,1.0,Senior,Low Income,2,1,2,6
0.6946946946946947,0,0.4666666666666667,0.4654545454545454,0.0,Middle-aged,Medium-Low Income,1,3,0,0
0.9459459459459459,1,0.4666666666666667,0.33090909090909093,0.0,Middle-aged,Medium-Low Income,1,3,0,0
0.6756756756756757,1,0.5333333333333333,0.28363636363636363,0.0,Senior,Medium-Low Income,2,3,0,5
0.6486486486486487,0,0.2222222222222222,0.5236363636363636,0.0,Young,Medium-High Income,3,2,2,4
0.4764764764764765,0,0.6,0.45454545454545453,0.0,Senior,Medium-Low Income,2,3,0,5
0.5715715715715716,1,0.6666666666666666,0.13090909090909092,1.0,Elderly,Low Income,0,1,1,2
0.8318318318318318,0,0.28888888888888886,0.4072727272727273,0.0,Young,Medium-Low Income,3,3,0,3
0.30130130130130134,1,0.33333333333333337,0.7745454545454544,1.0,Middle-aged,High Income,1,0,1,1
0.41941941941941946,0,0.19999999999999996,0.5018181818181817,0.0,Young,Medium-High Income,3,2,2,4
0.970970970970971,1,0.15555555555555556,0.3018181818181818,0.0,Young,Medium-Low Income,3,3,0,3
0.3813813813813814,0,0.2666666666666667,0.24363636363636365,0.0,Young,Low Income,3,1,2,4
0.16716716716716715,0,0.1333333333333333,0.38181818181818183,0.0,Young,Medium-Low Income,3,3,0,3
0.4754754754754755,0,0.7999999999999999,0.8836363636363636,0.0,Elderly,High Income,0,0,1,8
0.950950950950951,0,0.7777777777777778,0.6472727272727272,1.0,Elderly,Medium-High Income,0,2,1,7
0.8628628628628628,1,0.4444444444444444,0.32,0.0,Middle-aged,Medium-Low Income,1,3,0,0
0.7997997997997998,0,0.6444444444444445,0.061818181818181814,0.0,Senior,Low Income,2,1,2,6
0.4064064064064064,0,0.2222222222222222,0.8981818181818182,1.0,Young,High Income,3,0,2,1
0.2982982982982983,0,0.6666666666666666,0.8654545454545454,1.0,Elderly,High Income,0,0,1,8
0.6866866866866868,0,0.5777777777777778,0.4254545454545455,0.0,Senior,Medium-Low Income,2,3,0,5
